{"data":[{"latitude":"12.818567","longitude":"77.688694","responsecode":200},{"latitude":"12.81838","longitude":"77.68849","responsecode":200},{"latitude":"12.81748","longitude":"77.68748000000001","responsecode":200},{"latitude":"12.81721","longitude":"77.68718000000001","responsecode":200},{"latitude":"12.81702","longitude":"77.68696000000001","responsecode":200},{"latitude":"12.81667","longitude":"77.68656000000001","responsecode":200},{"latitude":"12.81589","longitude":"77.68572000000002","responsecode":200},{"latitude":"12.81541","longitude":"77.68521000000001","responsecode":200},{"latitude":"12.81533","longitude":"77.68513000000002","responsecode":200},{"latitude":"12.814779999999999","longitude":"77.68452000000002","responsecode":200},{"latitude":"12.81439","longitude":"77.68407000000002","responsecode":200},{"latitude":"12.81428","longitude":"77.68395000000002","responsecode":200},{"latitude":"12.81302","longitude":"77.68256000000002","responsecode":200},{"latitude":"12.81302","longitude":"77.68256","responsecode":200},{"latitude":"12.81302","longitude":"77.68256","responsecode":200},{"latitude":"12.81211","longitude":"77.68155","responsecode":200},{"latitude":"12.81189","longitude":"77.68130000000001","responsecode":200},{"latitude":"12.81181","longitude":"77.6812","responsecode":200},{"latitude":"12.81157","longitude":"77.68093","responsecode":200},{"latitude":"12.81135","longitude":"77.68069","responsecode":200},{"latitude":"12.811119999999999","longitude":"77.68043","responsecode":200},{"latitude":"12.810989999999999","longitude":"77.6803","responsecode":200},{"latitude":"12.810889999999999","longitude":"77.68018000000001","responsecode":200},{"latitude":"12.810649999999999","longitude":"77.67998","responsecode":200},{"latitude":"12.81045","longitude":"77.67981","responsecode":200},{"latitude":"12.8103","longitude":"77.67969000000001","responsecode":200},{"latitude":"12.8102","longitude":"77.67962000000001","responsecode":200},{"latitude":"12.81007","longitude":"77.67954000000002","responsecode":200},{"latitude":"12.80992","longitude":"77.67943000000001","responsecode":200},{"latitude":"12.80983","longitude":"77.67937","responsecode":200},{"latitude":"12.80973","longitude":"77.67928","responsecode":200},{"latitude":"12.80993","longitude":"77.67897","responsecode":200},{"latitude":"12.81011","longitude":"77.67868","responsecode":200},{"latitude":"12.81015","longitude":"77.6786","responsecode":200},{"latitude":"12.81017","longitude":"77.67852","responsecode":200},{"latitude":"12.810189999999999","longitude":"77.67839000000001","responsecode":200},{"latitude":"12.810229999999999","longitude":"77.67809000000001","responsecode":200},{"latitude":"12.81026","longitude":"77.67786000000001","responsecode":200},{"latitude":"12.8103","longitude":"77.67758","responsecode":200},{"latitude":"12.810369999999999","longitude":"77.67701000000001","responsecode":200},{"latitude":"12.81041","longitude":"77.67668","responsecode":200},{"latitude":"12.810429999999998","longitude":"77.67651000000001","responsecode":200},{"latitude":"12.810489999999998","longitude":"77.67596","responsecode":200},{"latitude":"12.810549999999997","longitude":"77.67561","responsecode":200},{"latitude":"12.810549999999997","longitude":"77.67554000000001","responsecode":200},{"latitude":"12.810539999999998","longitude":"77.67549000000001","responsecode":200},{"latitude":"12.810519999999999","longitude":"77.67546000000002","responsecode":200},{"latitude":"12.810479999999998","longitude":"77.67544000000001","responsecode":200},{"latitude":"12.810169999999998","longitude":"77.67540000000001","responsecode":200},{"latitude":"12.809999999999997","longitude":"77.67538","responsecode":200},{"latitude":"12.809319999999998","longitude":"77.67529","responsecode":200},{"latitude":"12.809269999999998","longitude":"77.67528","responsecode":200},{"latitude":"12.809239999999997","longitude":"77.67524","responsecode":200},{"latitude":"12.809229999999998","longitude":"77.67519","responsecode":200},{"latitude":"12.809229999999998","longitude":"77.67506","responsecode":200},{"latitude":"12.809239999999997","longitude":"77.67484","responsecode":200},{"latitude":"12.809239999999997","longitude":"77.67446","responsecode":200},{"latitude":"12.809249999999997","longitude":"77.67416","responsecode":200},{"latitude":"12.809279999999998","longitude":"77.67372","responsecode":200},{"latitude":"12.809309999999998","longitude":"77.67280000000001","responsecode":200},{"latitude":"12.809309999999998","longitude":"77.67262000000001","responsecode":200},{"latitude":"12.809309999999998","longitude":"77.67252","responsecode":200},{"latitude":"12.808909999999997","longitude":"77.67251","responsecode":200},{"latitude":"12.808119999999997","longitude":"77.67249","responsecode":200},{"latitude":"12.806049999999997","longitude":"77.67242","responsecode":200},{"latitude":"12.806039999999998","longitude":"77.67205","responsecode":200},{"latitude":"12.806039999999998","longitude":"77.67166999999999","responsecode":200},{"latitude":"12.806019999999998","longitude":"77.67124999999999","responsecode":200},{"latitude":"12.806019999999998","longitude":"77.67084999999999","responsecode":200},{"latitude":"12.806049999999999","longitude":"77.67013999999999","responsecode":200},{"latitude":"12.80605","longitude":"77.67014","responsecode":200},{"latitude":"12.80605","longitude":"77.67014","responsecode":200},{"latitude":"12.80611","longitude":"77.66981","responsecode":200},{"latitude":"12.80613","longitude":"77.66968","responsecode":200},{"latitude":"12.806199999999999","longitude":"77.66943","responsecode":200},{"latitude":"12.806269999999998","longitude":"77.66928","responsecode":200},{"latitude":"12.806459999999998","longitude":"77.66896","responsecode":200},{"latitude":"12.806499999999998","longitude":"77.66892","responsecode":200},{"latitude":"12.806559999999998","longitude":"77.6689","responsecode":200},{"latitude":"12.807399999999998","longitude":"77.66891","responsecode":200},{"latitude":"12.807569999999998","longitude":"77.6689","responsecode":200},{"latitude":"12.807949999999998","longitude":"77.66887","responsecode":200},{"latitude":"12.808079999999999","longitude":"77.66884","responsecode":200},{"latitude":"12.808169999999999","longitude":"77.66882","responsecode":200},{"latitude":"12.808989999999998","longitude":"77.66870999999999","responsecode":200},{"latitude":"12.80899","longitude":"77.66871","responsecode":200},{"latitude":"12.80899","longitude":"77.66871","responsecode":200},{"latitude":"12.80898","longitude":"77.66864000000001","responsecode":200},{"latitude":"12.80899","longitude":"77.66857000000002","responsecode":200},{"latitude":"12.80902","longitude":"77.66850000000002","responsecode":200},{"latitude":"12.809050000000001","longitude":"77.66845000000002","responsecode":200},{"latitude":"12.80911","longitude":"77.66840000000002","responsecode":200},{"latitude":"12.80916","longitude":"77.66835000000002","responsecode":200},{"latitude":"12.8092","longitude":"77.66830000000002","responsecode":200},{"latitude":"12.80926","longitude":"77.66822000000002","responsecode":200},{"latitude":"12.80932","longitude":"77.66812000000002","responsecode":200},{"latitude":"12.80935","longitude":"77.66806000000001","responsecode":200},{"latitude":"12.80936","longitude":"77.66802000000001","responsecode":200},{"latitude":"12.809379999999999","longitude":"77.66788000000001","responsecode":200},{"latitude":"12.80941","longitude":"77.66770000000001","responsecode":200},{"latitude":"12.80942","longitude":"77.66747000000001","responsecode":200},{"latitude":"12.80942","longitude":"77.66739000000001","responsecode":200},{"latitude":"12.8094","longitude":"77.66728","responsecode":200},{"latitude":"12.80938","longitude":"77.66715","responsecode":200},{"latitude":"12.809330000000001","longitude":"77.66688","responsecode":200},{"latitude":"12.8093","longitude":"77.66679","responsecode":200},{"latitude":"12.809280000000001","longitude":"77.66672000000001","responsecode":200},{"latitude":"12.809270000000001","longitude":"77.66664000000002","responsecode":200},{"latitude":"12.809250000000002","longitude":"77.66651000000002","responsecode":200},{"latitude":"12.809220000000002","longitude":"77.66635000000002","responsecode":200},{"latitude":"12.809170000000002","longitude":"77.66618000000003","responsecode":200},{"latitude":"12.809130000000001","longitude":"77.66608000000002","responsecode":200},{"latitude":"12.809090000000001","longitude":"77.66597000000002","responsecode":200},{"latitude":"12.80906","longitude":"77.66591000000001","responsecode":200},{"latitude":"12.809000000000001","longitude":"77.66582000000001","responsecode":200},{"latitude":"12.808940000000002","longitude":"77.66575000000002","responsecode":200},{"latitude":"12.808890000000002","longitude":"77.66571000000002","responsecode":200},{"latitude":"12.808840000000002","longitude":"77.66568000000002","responsecode":200},{"latitude":"12.808800000000002","longitude":"77.66566000000002","responsecode":200},{"latitude":"12.808740000000002","longitude":"77.66564000000001","responsecode":200},{"latitude":"12.808610000000002","longitude":"77.66560000000001","responsecode":200},{"latitude":"12.808430000000001","longitude":"77.66551000000001","responsecode":200},{"latitude":"12.80843","longitude":"77.66551","responsecode":200},{"latitude":"12.808349999999999","longitude":"77.66548","responsecode":200},{"latitude":"12.808259999999999","longitude":"77.66546","responsecode":200},{"latitude":"12.808139999999998","longitude":"77.66544999999999","responsecode":200},{"latitude":"12.807769999999998","longitude":"77.66538999999999","responsecode":200},{"latitude":"12.807679999999998","longitude":"77.66535999999999","responsecode":200},{"latitude":"12.807549999999997","longitude":"77.66533","responsecode":200},{"latitude":"12.807499999999997","longitude":"77.66532","responsecode":200},{"latitude":"12.807439999999998","longitude":"77.66532","responsecode":200},{"latitude":"12.807369999999999","longitude":"77.66533","responsecode":200},{"latitude":"12.807179999999999","longitude":"77.66535","responsecode":200},{"latitude":"12.806919999999998","longitude":"77.66536","responsecode":200},{"latitude":"12.806679999999998","longitude":"77.66535","responsecode":200},{"latitude":"12.806479999999999","longitude":"77.66531","responsecode":200},{"latitude":"12.806329999999999","longitude":"77.66529","responsecode":200},{"latitude":"12.806","longitude":"77.66529","responsecode":200},{"latitude":"12.805769999999999","longitude":"77.66528","responsecode":200},{"latitude":"12.8057","longitude":"77.66528","responsecode":200},{"latitude":"12.80562","longitude":"77.66526999999999","responsecode":200},{"latitude":"12.80553","longitude":"77.66526999999999","responsecode":200},{"latitude":"12.805449999999999","longitude":"77.66528","responsecode":200},{"latitude":"12.805359999999999","longitude":"77.6653","responsecode":200},{"latitude":"12.80515","longitude":"77.66535","responsecode":200},{"latitude":"12.804969999999999","longitude":"77.66541000000001","responsecode":200},{"latitude":"12.80478","longitude":"77.66547000000001","responsecode":200},{"latitude":"12.80468","longitude":"77.66551000000001","responsecode":200},{"latitude":"12.80463","longitude":"77.66554000000001","responsecode":200},{"latitude":"12.80458","longitude":"77.66557","responsecode":200},{"latitude":"12.80453","longitude":"77.66561","responsecode":200},{"latitude":"12.80438","longitude":"77.66574","responsecode":200},{"latitude":"12.804310000000001","longitude":"77.66579","responsecode":200},{"latitude":"12.804260000000001","longitude":"77.66582","responsecode":200},{"latitude":"12.804200000000002","longitude":"77.66584","responsecode":200},{"latitude":"12.804020000000001","longitude":"77.66588","responsecode":200},{"latitude":"12.803640000000001","longitude":"77.66591","responsecode":200},{"latitude":"12.803510000000001","longitude":"77.66591","responsecode":200},{"latitude":"12.803410000000001","longitude":"77.66592","responsecode":200},{"latitude":"12.803270000000001","longitude":"77.66595","responsecode":200},{"latitude":"12.80327","longitude":"77.66595","responsecode":200},{"latitude":"12.80318","longitude":"77.66596","responsecode":200},{"latitude":"12.803099999999999","longitude":"77.66596","responsecode":200},{"latitude":"12.80295","longitude":"77.66595","responsecode":200},{"latitude":"12.80284","longitude":"77.66593999999999","responsecode":200},{"latitude":"12.80266","longitude":"77.66591999999999","responsecode":200},{"latitude":"12.80256","longitude":"77.66588999999999","responsecode":200},{"latitude":"12.80243","longitude":"77.66586","responsecode":200},{"latitude":"12.80232","longitude":"77.66584999999999","responsecode":200},{"latitude":"12.80219","longitude":"77.66584999999999","responsecode":200},{"latitude":"12.8019","longitude":"77.66586","responsecode":200},{"latitude":"12.80158","longitude":"77.66584999999999","responsecode":200},{"latitude":"12.80124","longitude":"77.66582","responsecode":200},{"latitude":"12.80093","longitude":"77.66579","responsecode":200},{"latitude":"12.80054","longitude":"77.66576","responsecode":200},{"latitude":"12.8002","longitude":"77.66574","responsecode":200},{"latitude":"12.79975","longitude":"77.66571","responsecode":200},{"latitude":"12.799529999999999","longitude":"77.66567","responsecode":200},{"latitude":"12.799399999999999","longitude":"77.66566","responsecode":200},{"latitude":"12.799089999999998","longitude":"77.66562","responsecode":200},{"latitude":"12.798799999999998","longitude":"77.6656","responsecode":200},{"latitude":"12.798619999999998","longitude":"77.6656","responsecode":200},{"latitude":"12.798399999999997","longitude":"77.66559","responsecode":200},{"latitude":"12.798419999999997","longitude":"77.66535999999999","responsecode":200},{"latitude":"12.798449999999997","longitude":"77.66512999999999","responsecode":200},{"latitude":"12.798479999999998","longitude":"77.66501999999998","responsecode":200},{"latitude":"12.798489999999997","longitude":"77.66494999999999","responsecode":200},{"latitude":"12.798499999999997","longitude":"77.66479999999999","responsecode":200},{"latitude":"12.798509999999997","longitude":"77.66466999999999","responsecode":200},{"latitude":"12.798509999999997","longitude":"77.66453999999999","responsecode":200},{"latitude":"12.798509999999997","longitude":"77.66447","responsecode":200},{"latitude":"12.798499999999997","longitude":"77.66439","responsecode":200},{"latitude":"12.798489999999997","longitude":"77.66432","responsecode":200},{"latitude":"12.798479999999998","longitude":"77.66428","responsecode":200},{"latitude":"12.798449999999997","longitude":"77.66421000000001","responsecode":200},{"latitude":"12.798469999999996","longitude":"77.66395000000001","responsecode":200},{"latitude":"12.798499999999997","longitude":"77.66372000000001","responsecode":200},{"latitude":"12.798619999999998","longitude":"77.66326000000001","responsecode":200},{"latitude":"12.798669999999998","longitude":"77.66302","responsecode":200},{"latitude":"12.798949999999998","longitude":"77.66117","responsecode":200},{"latitude":"12.798859999999998","longitude":"77.66114","responsecode":200},{"latitude":"12.79886","longitude":"77.66114","responsecode":200},{"latitude":"12.79886","longitude":"77.66114","responsecode":200},{"latitude":"12.79814","longitude":"77.66093000000001","responsecode":200},{"latitude":"12.798","longitude":"77.66089000000001","responsecode":200},{"latitude":"12.79748","longitude":"77.66072000000001","responsecode":200},{"latitude":"12.79689","longitude":"77.66050000000001","responsecode":200},{"latitude":"12.796479999999999","longitude":"77.66034000000002","responsecode":200},{"latitude":"12.795729999999999","longitude":"77.66003000000002","responsecode":200},{"latitude":"12.795549999999999","longitude":"77.65996000000003","responsecode":200},{"latitude":"12.795069999999999","longitude":"77.65976000000002","responsecode":200},{"latitude":"12.79483","longitude":"77.65965000000001","responsecode":200},{"latitude":"12.79425","longitude":"77.65936","responsecode":200},{"latitude":"12.79367","longitude":"77.65904","responsecode":200},{"latitude":"12.79287","longitude":"77.65858","responsecode":200},{"latitude":"12.7926","longitude":"77.65843","responsecode":200},{"latitude":"12.79207","longitude":"77.65809999999999","responsecode":200},{"latitude":"12.791630000000001","longitude":"77.65780999999998","responsecode":200},{"latitude":"12.791490000000001","longitude":"77.65771999999998","responsecode":200},{"latitude":"12.791403","longitude":"77.65765599999999","responsecode":200},{"latitude":"12.791403","longitude":"77.657656","responsecode":200},{"latitude":"12.791260000000001","longitude":"77.65755","responsecode":200},{"latitude":"12.79062","longitude":"77.65709","responsecode":200},{"latitude":"12.79017","longitude":"77.65674","responsecode":200},{"latitude":"12.79009","longitude":"77.65668","responsecode":200},{"latitude":"12.78971","longitude":"77.65637","responsecode":200},{"latitude":"12.78923","longitude":"77.65596","responsecode":200},{"latitude":"12.78881","longitude":"77.65557","responsecode":200},{"latitude":"12.78857","longitude":"77.65536","responsecode":200},{"latitude":"12.78845","longitude":"77.65524","responsecode":200},{"latitude":"12.788369999999999","longitude":"77.65515","responsecode":200},{"latitude":"12.788199999999998","longitude":"77.65499000000001","responsecode":200},{"latitude":"12.788089999999999","longitude":"77.65490000000001","responsecode":200},{"latitude":"12.788009999999998","longitude":"77.65482000000002","responsecode":200},{"latitude":"12.787859999999998","longitude":"77.65466000000002","responsecode":200},{"latitude":"12.78742","longitude":"77.65411000000002","responsecode":200},{"latitude":"12.787270999999999","longitude":"77.65392500000002","responsecode":200},{"latitude":"12.787271","longitude":"77.653925","responsecode":200},{"latitude":"12.78717","longitude":"77.6538","responsecode":200},{"latitude":"12.786859999999999","longitude":"77.6534","responsecode":200},{"latitude":"12.78665","longitude":"77.65312","responsecode":200},{"latitude":"12.78641","longitude":"77.65278","responsecode":200},{"latitude":"12.78615","longitude":"77.6524","responsecode":200},{"latitude":"12.78576","longitude":"77.65182","responsecode":200},{"latitude":"12.78554","longitude":"77.6515","responsecode":200},{"latitude":"12.78529","longitude":"77.65109","responsecode":200},{"latitude":"12.78491","longitude":"77.65048999999999","responsecode":200},{"latitude":"12.78479","longitude":"77.65029999999999","responsecode":200},{"latitude":"12.7843","longitude":"77.64947999999998","responsecode":200},{"latitude":"12.78398","longitude":"77.64894999999999","responsecode":200},{"latitude":"12.78368","longitude":"77.64847999999998","responsecode":200},{"latitude":"12.7835","longitude":"77.64818999999997","responsecode":200},{"latitude":"12.78336","longitude":"77.64798999999996","responsecode":200},{"latitude":"12.78326","longitude":"77.64779999999996","responsecode":200},{"latitude":"12.782960000000001","longitude":"77.64730999999996","responsecode":200},{"latitude":"12.78274","longitude":"77.64695999999996","responsecode":200},{"latitude":"12.78266","longitude":"77.64684999999996","responsecode":200},{"latitude":"12.7826","longitude":"77.64676999999996","responsecode":200},{"latitude":"12.782540000000001","longitude":"77.64670999999996","responsecode":200},{"latitude":"12.782490000000001","longitude":"77.64665999999995","responsecode":200},{"latitude":"12.782380000000002","longitude":"77.64655999999995","responsecode":200},{"latitude":"12.782240000000002","longitude":"77.64644999999994","responsecode":200},{"latitude":"12.782130000000002","longitude":"77.64636999999995","responsecode":200},{"latitude":"12.781990000000002","longitude":"77.64628999999995","responsecode":200},{"latitude":"12.781620000000002","longitude":"77.64608999999994","responsecode":200},{"latitude":"12.780780000000002","longitude":"77.64567999999994","responsecode":200},{"latitude":"12.780510000000001","longitude":"77.64555999999995","responsecode":200},{"latitude":"12.780190000000001","longitude":"77.64541999999994","responsecode":200},{"latitude":"12.77979","longitude":"77.64519999999995","responsecode":200},{"latitude":"12.77965","longitude":"77.64510999999995","responsecode":200},{"latitude":"12.77957","longitude":"77.64504999999994","responsecode":200},{"latitude":"12.77944","longitude":"77.64489999999994","responsecode":200},{"latitude":"12.77939","longitude":"77.64478999999993","responsecode":200},{"latitude":"12.77933","longitude":"77.64466999999993","responsecode":200},{"latitude":"12.77928","longitude":"77.64452999999993","responsecode":200},{"latitude":"12.77925","longitude":"77.64439999999993","responsecode":200},{"latitude":"12.779219999999999","longitude":"77.64423999999994","responsecode":200},{"latitude":"12.779179999999998","longitude":"77.64406999999994","responsecode":200},{"latitude":"12.77916","longitude":"77.64396999999994","responsecode":200},{"latitude":"12.7791","longitude":"77.64371999999995","responsecode":200},{"latitude":"12.77896","longitude":"77.64378999999994","responsecode":200},{"latitude":"12.77896","longitude":"77.64379","responsecode":200},{"latitude":"12.77896","longitude":"77.64379","responsecode":200}],"Message":"Success","Issuccess":true,"exception":null,"RowCount":283,"responsecode":200}