{"data":[{"latitude":"12.896261","longitude":"77.460662","responsecode":200},{"latitude":"12.89653","longitude":"77.46087","responsecode":200},{"latitude":"12.89687","longitude":"77.46114","responsecode":200},{"latitude":"12.89711","longitude":"77.46133","responsecode":200},{"latitude":"12.8973","longitude":"77.46152000000001","responsecode":200},{"latitude":"12.89803","longitude":"77.4625","responsecode":200},{"latitude":"12.89821","longitude":"77.46278000000001","responsecode":200},{"latitude":"12.898620000000001","longitude":"77.46350000000001","responsecode":200},{"latitude":"12.89886","longitude":"77.46395000000001","responsecode":200},{"latitude":"12.899030000000002","longitude":"77.46424000000002","responsecode":200},{"latitude":"12.899210000000002","longitude":"77.46455000000002","responsecode":200},{"latitude":"12.899390000000002","longitude":"77.46482000000002","responsecode":200},{"latitude":"12.899540000000002","longitude":"77.46504000000002","responsecode":200},{"latitude":"12.899760000000002","longitude":"77.46534000000001","responsecode":200},{"latitude":"12.899980000000003","longitude":"77.46563000000002","responsecode":200},{"latitude":"12.900110000000003","longitude":"77.46577000000002","responsecode":200},{"latitude":"12.900320000000002","longitude":"77.46609000000002","responsecode":200},{"latitude":"12.900850000000002","longitude":"77.46701000000002","responsecode":200},{"latitude":"12.900950000000002","longitude":"77.46718000000001","responsecode":200},{"latitude":"12.90102","longitude":"77.46729000000002","responsecode":200},{"latitude":"12.90107","longitude":"77.46738000000002","responsecode":200},{"latitude":"12.90107","longitude":"77.46738","responsecode":200},{"latitude":"12.90107","longitude":"77.46738","responsecode":200},{"latitude":"12.90126","longitude":"77.46769","responsecode":200},{"latitude":"12.901620000000001","longitude":"77.46824000000001","responsecode":200},{"latitude":"12.901850000000001","longitude":"77.46856000000001","responsecode":200},{"latitude":"12.902050000000001","longitude":"77.46880000000002","responsecode":200},{"latitude":"12.90215","longitude":"77.46893000000001","responsecode":200},{"latitude":"12.90225","longitude":"77.46904000000002","responsecode":200},{"latitude":"12.90236","longitude":"77.46915000000003","responsecode":200},{"latitude":"12.90248","longitude":"77.46926000000003","responsecode":200},{"latitude":"12.902749","longitude":"77.46946800000003","responsecode":200},{"latitude":"12.902749","longitude":"77.469468","responsecode":200},{"latitude":"12.90283","longitude":"77.46953","responsecode":200},{"latitude":"12.90293","longitude":"77.4696","responsecode":200},{"latitude":"12.903039999999999","longitude":"77.46967","responsecode":200},{"latitude":"12.903289999999998","longitude":"77.46982","responsecode":200},{"latitude":"12.903569999999998","longitude":"77.46997999999999","responsecode":200},{"latitude":"12.903779999999998","longitude":"77.47012","responsecode":200},{"latitude":"12.903989999999997","longitude":"77.47025","responsecode":200},{"latitude":"12.904229999999997","longitude":"77.4704","responsecode":200},{"latitude":"12.904479999999996","longitude":"77.47054","responsecode":200},{"latitude":"12.904629999999996","longitude":"77.47064","responsecode":200},{"latitude":"12.904779999999995","longitude":"77.47075000000001","responsecode":200},{"latitude":"12.90478","longitude":"77.47075","responsecode":200},{"latitude":"12.90478","longitude":"77.47075","responsecode":200},{"latitude":"12.90497","longitude":"77.47093","responsecode":200},{"latitude":"12.90507","longitude":"77.47104","responsecode":200},{"latitude":"12.90521","longitude":"77.4712","responsecode":200},{"latitude":"12.90535","longitude":"77.47139","responsecode":200},{"latitude":"12.90546","longitude":"77.47155","responsecode":200},{"latitude":"12.905759999999999","longitude":"77.47197999999999","responsecode":200},{"latitude":"12.90594","longitude":"77.47222999999998","responsecode":200},{"latitude":"12.90613","longitude":"77.47248999999998","responsecode":200},{"latitude":"12.9064","longitude":"77.47284999999998","responsecode":200},{"latitude":"12.90654","longitude":"77.47301999999998","responsecode":200},{"latitude":"12.90645","longitude":"77.47309999999997","responsecode":200},{"latitude":"12.90632","longitude":"77.47293999999998","responsecode":200},{"latitude":"12.90608","longitude":"77.47259999999999","responsecode":200},{"latitude":"12.905819999999999","longitude":"77.47223999999999","responsecode":200},{"latitude":"12.90566","longitude":"77.47201999999999","responsecode":200},{"latitude":"12.90538","longitude":"77.47160999999998","responsecode":200},{"latitude":"12.905249999999999","longitude":"77.47142999999998","responsecode":200},{"latitude":"12.90514","longitude":"77.47126999999999","responsecode":200},{"latitude":"12.90504","longitude":"77.47115","responsecode":200},{"latitude":"12.904919999999999","longitude":"77.47102","responsecode":200},{"latitude":"12.90472","longitude":"77.47082999999999","responsecode":200},{"latitude":"12.904309999999999","longitude":"77.47134","responsecode":200},{"latitude":"12.904279999999998","longitude":"77.47181","responsecode":200},{"latitude":"12.904309999999999","longitude":"77.47205000000001","responsecode":200},{"latitude":"12.9043","longitude":"77.47219000000001","responsecode":200},{"latitude":"12.90429","longitude":"77.47230000000002","responsecode":200},{"latitude":"12.904209999999999","longitude":"77.47272000000002","responsecode":200},{"latitude":"12.90421","longitude":"77.47272","responsecode":200},{"latitude":"12.90421","longitude":"77.47272","responsecode":200}],"Message":"Success","Issuccess":true,"exception":null,"RowCount":75,"responsecode":200}