{"data":[{"latitude":"12.9406","longitude":"77.62481","responsecode":200},{"latitude":"12.94046","longitude":"77.62495","responsecode":200},{"latitude":"12.94038","longitude":"77.62501999999999","responsecode":200},{"latitude":"12.94019","longitude":"77.62519999999999","responsecode":200},{"latitude":"12.94004","longitude":"77.62531999999999","responsecode":200},{"latitude":"12.93988","longitude":"77.62543999999998","responsecode":200},{"latitude":"12.9398","longitude":"77.62548999999999","responsecode":200},{"latitude":"12.9397","longitude":"77.62554999999999","responsecode":200},{"latitude":"12.93953","longitude":"77.62562999999999","responsecode":200},{"latitude":"12.93942","longitude":"77.62567999999999","responsecode":200},{"latitude":"12.93931","longitude":"77.62572999999999","responsecode":200},{"latitude":"12.939110000000001","longitude":"77.62580999999999","responsecode":200},{"latitude":"12.93899","longitude":"77.62585999999999","responsecode":200},{"latitude":"12.93887","longitude":"77.62592","responsecode":200},{"latitude":"12.938509999999999","longitude":"77.6261","responsecode":200},{"latitude":"12.93841","longitude":"77.62615","responsecode":200},{"latitude":"12.93818","longitude":"77.62629","responsecode":200},{"latitude":"12.93797","longitude":"77.62646","responsecode":200},{"latitude":"12.93769","longitude":"77.62668","responsecode":200},{"latitude":"12.93739","longitude":"77.62691","responsecode":200},{"latitude":"12.937240000000001","longitude":"77.62702999999999","responsecode":200},{"latitude":"12.937170000000002","longitude":"77.62695","responsecode":200},{"latitude":"12.937030000000002","longitude":"77.62678","responsecode":200},{"latitude":"12.936830000000002","longitude":"77.62652","responsecode":200},{"latitude":"12.93683","longitude":"77.62652","responsecode":200},{"latitude":"12.93683","longitude":"77.62652","responsecode":200},{"latitude":"12.936060000000001","longitude":"77.62548","responsecode":200},{"latitude":"12.935820000000001","longitude":"77.62518","responsecode":200},{"latitude":"12.935430000000002","longitude":"77.62472","responsecode":200},{"latitude":"12.935300000000002","longitude":"77.62458","responsecode":200},{"latitude":"12.935210000000001","longitude":"77.62449","responsecode":200},{"latitude":"12.935120000000001","longitude":"77.6244","responsecode":200},{"latitude":"12.935","longitude":"77.62428","responsecode":200},{"latitude":"12.9349","longitude":"77.62419","responsecode":200},{"latitude":"12.934750000000001","longitude":"77.62407","responsecode":200},{"latitude":"12.934540000000002","longitude":"77.62393","responsecode":200},{"latitude":"12.934065000000002","longitude":"77.623701","responsecode":200},{"latitude":"12.934065","longitude":"77.623701","responsecode":200},{"latitude":"12.93346","longitude":"77.62340999999999","responsecode":200},{"latitude":"12.93349","longitude":"77.62326999999999","responsecode":200},{"latitude":"12.93351","longitude":"77.62307999999999","responsecode":200},{"latitude":"12.93354","longitude":"77.62271999999999","responsecode":200},{"latitude":"12.93355","longitude":"77.62256999999998","responsecode":200},{"latitude":"12.93356","longitude":"77.62232999999998","responsecode":200},{"latitude":"12.93359","longitude":"77.62160999999998","responsecode":200},{"latitude":"12.93366","longitude":"77.62026999999998","responsecode":200},{"latitude":"12.933679999999999","longitude":"77.62003999999997","responsecode":200},{"latitude":"12.933699999999998","longitude":"77.61982999999998","responsecode":200},{"latitude":"12.933709999999998","longitude":"77.61960999999998","responsecode":200},{"latitude":"12.934309999999998","longitude":"77.61992999999998","responsecode":200},{"latitude":"12.934619999999999","longitude":"77.62005999999998","responsecode":200},{"latitude":"12.934619999999999","longitude":"77.61964999999998","responsecode":200},{"latitude":"12.93493","longitude":"77.61980999999997","responsecode":200},{"latitude":"12.93522","longitude":"77.61997999999997","responsecode":200},{"latitude":"12.93522","longitude":"77.61998","responsecode":200},{"latitude":"12.93522","longitude":"77.61998","responsecode":200}],"Message":"Success","Issuccess":true,"exception":null,"RowCount":56,"responsecode":200}