{"data":[{"latitude":"12.93522","longitude":"77.61998","responsecode":200},{"latitude":"12.93562","longitude":"77.61928999999999","responsecode":200},{"latitude":"12.93595","longitude":"77.61949","responsecode":200},{"latitude":"12.93622","longitude":"77.61969","responsecode":200},{"latitude":"12.93657","longitude":"77.61993000000001","responsecode":200},{"latitude":"12.936869999999999","longitude":"77.62013000000002","responsecode":200},{"latitude":"12.93672","longitude":"77.62036000000002","responsecode":200},{"latitude":"12.93712","longitude":"77.62058000000002","responsecode":200},{"latitude":"12.9372","longitude":"77.62062000000002","responsecode":200},{"latitude":"12.93749","longitude":"77.62071000000002","responsecode":200},{"latitude":"12.93764","longitude":"77.62080000000002","responsecode":200},{"latitude":"12.93784","longitude":"77.62091000000002","responsecode":200},{"latitude":"12.93827","longitude":"77.62114000000003","responsecode":200},{"latitude":"12.938649999999999","longitude":"77.62135000000002","responsecode":200},{"latitude":"12.93879","longitude":"77.62144000000002","responsecode":200},{"latitude":"12.93919","longitude":"77.62167000000002","responsecode":200},{"latitude":"12.93917","longitude":"77.62174000000002","responsecode":200},{"latitude":"12.93917","longitude":"77.62178000000002","responsecode":200},{"latitude":"12.93919","longitude":"77.62182000000001","responsecode":200},{"latitude":"12.93929","longitude":"77.62192000000002","responsecode":200},{"latitude":"12.93962","longitude":"77.62218000000001","responsecode":200},{"latitude":"12.94017","longitude":"77.62288000000001","responsecode":200},{"latitude":"12.94091","longitude":"77.62379000000001","responsecode":200},{"latitude":"12.94106","longitude":"77.62396000000001","responsecode":200},{"latitude":"12.9412","longitude":"77.62413000000001","responsecode":200},{"latitude":"12.94124","longitude":"77.62417","responsecode":200},{"latitude":"12.94096","longitude":"77.62446000000001","responsecode":200},{"latitude":"12.94067","longitude":"77.62474000000002","responsecode":200},{"latitude":"12.940600000000002","longitude":"77.62481000000001","responsecode":200},{"latitude":"12.9406","longitude":"77.62481","responsecode":200},{"latitude":"12.94046","longitude":"77.62495","responsecode":200},{"latitude":"12.94038","longitude":"77.62501999999999","responsecode":200},{"latitude":"12.94019","longitude":"77.62519999999999","responsecode":200},{"latitude":"12.94004","longitude":"77.62531999999999","responsecode":200},{"latitude":"12.93988","longitude":"77.62543999999998","responsecode":200},{"latitude":"12.9398","longitude":"77.62548999999999","responsecode":200},{"latitude":"12.9397","longitude":"77.62554999999999","responsecode":200},{"latitude":"12.93953","longitude":"77.62562999999999","responsecode":200},{"latitude":"12.93942","longitude":"77.62567999999999","responsecode":200},{"latitude":"12.93931","longitude":"77.62572999999999","responsecode":200},{"latitude":"12.939110000000001","longitude":"77.62580999999999","responsecode":200},{"latitude":"12.93899","longitude":"77.62585999999999","responsecode":200},{"latitude":"12.93887","longitude":"77.62592","responsecode":200},{"latitude":"12.938509999999999","longitude":"77.6261","responsecode":200},{"latitude":"12.93841","longitude":"77.62615","responsecode":200},{"latitude":"12.93818","longitude":"77.62629","responsecode":200},{"latitude":"12.93797","longitude":"77.62646","responsecode":200},{"latitude":"12.93769","longitude":"77.62668","responsecode":200},{"latitude":"12.93739","longitude":"77.62691","responsecode":200},{"latitude":"12.937240000000001","longitude":"77.62702999999999","responsecode":200},{"latitude":"12.937030000000002","longitude":"77.62720999999999","responsecode":200},{"latitude":"12.936916000000002","longitude":"77.62731099999999","responsecode":200},{"latitude":"12.936916","longitude":"77.627311","responsecode":200},{"latitude":"12.93678","longitude":"77.62743","responsecode":200},{"latitude":"12.936200000000001","longitude":"77.62799","responsecode":200},{"latitude":"12.935990000000002","longitude":"77.62818","responsecode":200},{"latitude":"12.935440000000002","longitude":"77.62875","responsecode":200},{"latitude":"12.935380000000002","longitude":"77.62881","responsecode":200},{"latitude":"12.935140000000002","longitude":"77.62905","responsecode":200},{"latitude":"12.934960000000002","longitude":"77.62922","responsecode":200},{"latitude":"12.934790000000001","longitude":"77.62941000000001","responsecode":200},{"latitude":"12.934566000000002","longitude":"77.62963400000001","responsecode":200},{"latitude":"12.934566","longitude":"77.629634","responsecode":200},{"latitude":"12.93448","longitude":"77.62971999999999","responsecode":200},{"latitude":"12.93393","longitude":"77.63023999999999","responsecode":200},{"latitude":"12.93376","longitude":"77.63041999999999","responsecode":200},{"latitude":"12.9337","longitude":"77.63047999999999","responsecode":200},{"latitude":"12.93354","longitude":"77.63063","responsecode":200},{"latitude":"12.93322","longitude":"77.63095","responsecode":200},{"latitude":"12.93227","longitude":"77.63193","responsecode":200},{"latitude":"12.93187","longitude":"77.63234","responsecode":200},{"latitude":"12.93171","longitude":"77.6325","responsecode":200},{"latitude":"12.931560000000001","longitude":"77.63264","responsecode":200},{"latitude":"12.931400000000002","longitude":"77.63275","responsecode":200},{"latitude":"12.931270000000001","longitude":"77.63283","responsecode":200},{"latitude":"12.931130000000001","longitude":"77.63289999999999","responsecode":200},{"latitude":"12.93087","longitude":"77.633","responsecode":200},{"latitude":"12.930660000000001","longitude":"77.63306999999999","responsecode":200},{"latitude":"12.930480000000001","longitude":"77.63311999999999","responsecode":200},{"latitude":"12.93031","longitude":"77.63315999999999","responsecode":200},{"latitude":"12.93019","longitude":"77.63318","responsecode":200},{"latitude":"12.9301","longitude":"77.63319","responsecode":200},{"latitude":"12.929839999999999","longitude":"77.63323","responsecode":200},{"latitude":"12.92978","longitude":"77.63323","responsecode":200},{"latitude":"12.929689999999999","longitude":"77.63324","responsecode":200},{"latitude":"12.92944","longitude":"77.63326","responsecode":200},{"latitude":"12.92944","longitude":"77.63326","responsecode":200},{"latitude":"12.92944","longitude":"77.63326","responsecode":200},{"latitude":"12.92916","longitude":"77.63329","responsecode":200},{"latitude":"12.92898","longitude":"77.6333","responsecode":200},{"latitude":"12.9286","longitude":"77.63333","responsecode":200},{"latitude":"12.92752","longitude":"77.63342","responsecode":200},{"latitude":"12.927249999999999","longitude":"77.63344000000001","responsecode":200},{"latitude":"12.92701","longitude":"77.63347","responsecode":200},{"latitude":"12.926889999999998","longitude":"77.63348","responsecode":200},{"latitude":"12.925909999999998","longitude":"77.63357","responsecode":200},{"latitude":"12.925549999999998","longitude":"77.63361","responsecode":200},{"latitude":"12.925439999999998","longitude":"77.63362000000001","responsecode":200},{"latitude":"12.925289999999999","longitude":"77.63363000000001","responsecode":200},{"latitude":"12.925139999999999","longitude":"77.63365000000002","responsecode":200},{"latitude":"12.924999999999999","longitude":"77.63367000000002","responsecode":200},{"latitude":"12.924869999999999","longitude":"77.63369000000003","responsecode":200},{"latitude":"12.924919999999998","longitude":"77.63406000000003","responsecode":200},{"latitude":"12.924990999999999","longitude":"77.63448300000003","responsecode":200},{"latitude":"12.924991","longitude":"77.634483","responsecode":200},{"latitude":"12.92515","longitude":"77.63543","responsecode":200},{"latitude":"12.925270000000001","longitude":"77.6361","responsecode":200},{"latitude":"12.925300000000002","longitude":"77.63629","responsecode":200},{"latitude":"12.925320000000001","longitude":"77.63641","responsecode":200},{"latitude":"12.92533","longitude":"77.63653","responsecode":200},{"latitude":"12.925320000000001","longitude":"77.63668","responsecode":200},{"latitude":"12.925310000000001","longitude":"77.6368","responsecode":200},{"latitude":"12.925290000000002","longitude":"77.63691999999999","responsecode":200},{"latitude":"12.925260000000002","longitude":"77.63703","responsecode":200},{"latitude":"12.925220000000001","longitude":"77.63714","responsecode":200},{"latitude":"12.925170000000001","longitude":"77.63727","responsecode":200},{"latitude":"12.925130000000001","longitude":"77.63738000000001","responsecode":200},{"latitude":"12.925080000000001","longitude":"77.63749000000001","responsecode":200},{"latitude":"12.925020000000002","longitude":"77.63760000000002","responsecode":200},{"latitude":"12.924940000000001","longitude":"77.63775000000003","responsecode":200},{"latitude":"12.924870000000002","longitude":"77.63788000000002","responsecode":200},{"latitude":"12.924770000000002","longitude":"77.63803000000003","responsecode":200},{"latitude":"12.92477","longitude":"77.63803","responsecode":200},{"latitude":"12.92477","longitude":"77.63803","responsecode":200},{"latitude":"12.92463","longitude":"77.63823000000001","responsecode":200},{"latitude":"12.924570000000001","longitude":"77.63833000000001","responsecode":200},{"latitude":"12.924520000000001","longitude":"77.63841000000001","responsecode":200},{"latitude":"12.924470000000001","longitude":"77.63851000000001","responsecode":200},{"latitude":"12.924420000000001","longitude":"77.63861000000001","responsecode":200},{"latitude":"12.92439","longitude":"77.63867000000002","responsecode":200},{"latitude":"12.92436","longitude":"77.63874000000001","responsecode":200},{"latitude":"12.92432","longitude":"77.63884000000002","responsecode":200},{"latitude":"12.92429","longitude":"77.63894000000002","responsecode":200},{"latitude":"12.92419","longitude":"77.63925000000002","responsecode":200},{"latitude":"12.92415","longitude":"77.63938000000002","responsecode":200},{"latitude":"12.924109999999999","longitude":"77.63950000000001","responsecode":200},{"latitude":"12.924079999999998","longitude":"77.63959000000001","responsecode":200},{"latitude":"12.924029999999998","longitude":"77.63970000000002","responsecode":200},{"latitude":"12.923989999999998","longitude":"77.63978000000002","responsecode":200},{"latitude":"12.923939999999998","longitude":"77.63987000000002","responsecode":200},{"latitude":"12.923899999999998","longitude":"77.63994000000001","responsecode":200},{"latitude":"12.923859999999998","longitude":"77.64002","responsecode":200},{"latitude":"12.923769999999998","longitude":"77.64023","responsecode":200},{"latitude":"12.923649999999997","longitude":"77.64054","responsecode":200},{"latitude":"12.923599999999997","longitude":"77.64069","responsecode":200},{"latitude":"12.923529999999998","longitude":"77.64087","responsecode":200},{"latitude":"12.923439999999998","longitude":"77.64114000000001","responsecode":200},{"latitude":"12.923419999999998","longitude":"77.64123000000001","responsecode":200},{"latitude":"12.923409999999999","longitude":"77.6413","responsecode":200},{"latitude":"12.923409999999999","longitude":"77.64136","responsecode":200},{"latitude":"12.923429999999998","longitude":"77.64145","responsecode":200},{"latitude":"12.923459999999999","longitude":"77.64157","responsecode":200},{"latitude":"12.923499999999999","longitude":"77.64171","responsecode":200},{"latitude":"12.923559999999998","longitude":"77.64192","responsecode":200},{"latitude":"12.923869999999999","longitude":"77.64314","responsecode":200},{"latitude":"12.92399","longitude":"77.64357","responsecode":200},{"latitude":"12.92404","longitude":"77.64372999999999","responsecode":200},{"latitude":"12.9241","longitude":"77.64389999999999","responsecode":200},{"latitude":"12.924299999999999","longitude":"77.64448999999999","responsecode":200},{"latitude":"12.924409999999998","longitude":"77.64482999999998","responsecode":200},{"latitude":"12.924439999999999","longitude":"77.64493999999999","responsecode":200},{"latitude":"12.92447","longitude":"77.64505999999999","responsecode":200},{"latitude":"12.924489999999999","longitude":"77.64515999999999","responsecode":200},{"latitude":"12.924499999999998","longitude":"77.64527","responsecode":200},{"latitude":"12.924509999999998","longitude":"77.64538","responsecode":200},{"latitude":"12.924519999999998","longitude":"77.64556","responsecode":200},{"latitude":"12.924519999999998","longitude":"77.64572","responsecode":200},{"latitude":"12.924539999999997","longitude":"77.64649","responsecode":200},{"latitude":"12.924549999999996","longitude":"77.64671","responsecode":200},{"latitude":"12.924569999999996","longitude":"77.64695999999999","responsecode":200},{"latitude":"12.924589999999995","longitude":"77.64717999999999","responsecode":200},{"latitude":"12.924609999999994","longitude":"77.64739999999999","responsecode":200},{"latitude":"12.924629999999993","longitude":"77.64760999999999","responsecode":200},{"latitude":"12.924689999999993","longitude":"77.64864999999999","responsecode":200},{"latitude":"12.924709999999992","longitude":"77.64887999999999","responsecode":200},{"latitude":"12.924709999999992","longitude":"77.64903999999999","responsecode":200},{"latitude":"12.924709999999992","longitude":"77.64919999999998","responsecode":200},{"latitude":"12.924709999999992","longitude":"77.64936999999998","responsecode":200},{"latitude":"12.924679999999992","longitude":"77.64982999999998","responsecode":200},{"latitude":"12.924669999999992","longitude":"77.64988999999998","responsecode":200},{"latitude":"12.924629999999992","longitude":"77.64999999999999","responsecode":200},{"latitude":"12.92463","longitude":"77.65","responsecode":200},{"latitude":"12.92463","longitude":"77.65","responsecode":200},{"latitude":"12.924560000000001","longitude":"77.65010000000001","responsecode":200},{"latitude":"12.924520000000001","longitude":"77.65014000000001","responsecode":200},{"latitude":"12.924470000000001","longitude":"77.65017","responsecode":200},{"latitude":"12.924470000000001","longitude":"77.65033","responsecode":200},{"latitude":"12.924470000000001","longitude":"77.65057","responsecode":200},{"latitude":"12.924460000000002","longitude":"77.65072","responsecode":200},{"latitude":"12.924440000000002","longitude":"77.65088","responsecode":200},{"latitude":"12.924420000000003","longitude":"77.65104","responsecode":200},{"latitude":"12.924400000000004","longitude":"77.65118","responsecode":200},{"latitude":"12.924370000000003","longitude":"77.65133","responsecode":200},{"latitude":"12.924260000000004","longitude":"77.65180000000001","responsecode":200},{"latitude":"12.923840000000004","longitude":"77.65402","responsecode":200},{"latitude":"12.923800000000004","longitude":"77.6542","responsecode":200},{"latitude":"12.923710000000003","longitude":"77.65462000000001","responsecode":200},{"latitude":"12.923670000000003","longitude":"77.65481000000001","responsecode":200},{"latitude":"12.923610000000004","longitude":"77.65512000000001","responsecode":200},{"latitude":"12.923580000000003","longitude":"77.65528","responsecode":200},{"latitude":"12.923530000000003","longitude":"77.6555","responsecode":200},{"latitude":"12.923480000000003","longitude":"77.65570000000001","responsecode":200},{"latitude":"12.923420000000004","longitude":"77.65592000000001","responsecode":200},{"latitude":"12.923360000000004","longitude":"77.65611000000001","responsecode":200},{"latitude":"12.923300000000005","longitude":"77.65629000000001","responsecode":200},{"latitude":"12.923220000000004","longitude":"77.65653000000002","responsecode":200},{"latitude":"12.923150000000005","longitude":"77.65673000000002","responsecode":200},{"latitude":"12.922630000000005","longitude":"77.65812000000003","responsecode":200},{"latitude":"12.922240000000006","longitude":"77.65923000000002","responsecode":200},{"latitude":"12.921970000000005","longitude":"77.66003000000002","responsecode":200},{"latitude":"12.921940000000005","longitude":"77.66014000000003","responsecode":200},{"latitude":"12.921900000000004","longitude":"77.66027000000003","responsecode":200},{"latitude":"12.921850000000004","longitude":"77.66045000000003","responsecode":200},{"latitude":"12.921630000000004","longitude":"77.66132000000003","responsecode":200},{"latitude":"12.921560000000005","longitude":"77.66164000000003","responsecode":200},{"latitude":"12.921536000000005","longitude":"77.66174500000004","responsecode":200},{"latitude":"12.921536","longitude":"77.661745","responsecode":200},{"latitude":"12.92141","longitude":"77.66230999999999","responsecode":200},{"latitude":"12.92135","longitude":"77.66257999999999","responsecode":200},{"latitude":"12.921280000000001","longitude":"77.66284999999999","responsecode":200},{"latitude":"12.921120000000002","longitude":"77.66341999999999","responsecode":200},{"latitude":"12.920960000000003","longitude":"77.66389999999998","responsecode":200},{"latitude":"12.920890000000004","longitude":"77.66410999999998","responsecode":200},{"latitude":"12.920830000000004","longitude":"77.66432999999998","responsecode":200},{"latitude":"12.920790000000004","longitude":"77.66453999999997","responsecode":200},{"latitude":"12.920770000000005","longitude":"77.66467999999998","responsecode":200},{"latitude":"12.920750000000005","longitude":"77.66481999999998","responsecode":200},{"latitude":"12.920740000000006","longitude":"77.66495999999998","responsecode":200},{"latitude":"12.920740000000006","longitude":"77.66505999999998","responsecode":200},{"latitude":"12.920670000000007","longitude":"77.66530999999998","responsecode":200},{"latitude":"12.920600000000007","longitude":"77.66526999999998","responsecode":200},{"latitude":"12.920540000000008","longitude":"77.66523999999998","responsecode":200},{"latitude":"12.920540000000008","longitude":"77.66531999999998","responsecode":200},{"latitude":"12.920520000000009","longitude":"77.66540999999998","responsecode":200},{"latitude":"12.92050000000001","longitude":"77.66548999999998","responsecode":200},{"latitude":"12.92045000000001","longitude":"77.66562999999998","responsecode":200},{"latitude":"12.920420000000009","longitude":"77.66569999999997","responsecode":200},{"latitude":"12.920380000000009","longitude":"77.66578999999997","responsecode":200},{"latitude":"12.919910000000009","longitude":"77.66681999999997","responsecode":200},{"latitude":"12.919760000000009","longitude":"77.66710999999998","responsecode":200},{"latitude":"12.919630000000009","longitude":"77.66735999999997","responsecode":200},{"latitude":"12.919500000000008","longitude":"77.66760999999997","responsecode":200},{"latitude":"12.919200000000009","longitude":"77.66815999999997","responsecode":200},{"latitude":"12.91914000000001","longitude":"77.66826999999998","responsecode":200},{"latitude":"12.91909000000001","longitude":"77.66835999999998","responsecode":200},{"latitude":"12.91905000000001","longitude":"77.66843999999998","responsecode":200},{"latitude":"12.919010000000009","longitude":"77.66852999999998","responsecode":200},{"latitude":"12.918960000000009","longitude":"77.66865999999997","responsecode":200},{"latitude":"12.91891000000001","longitude":"77.66877999999997","responsecode":200},{"latitude":"12.918870000000009","longitude":"77.66889999999997","responsecode":200},{"latitude":"12.918750000000008","longitude":"77.66927999999997","responsecode":200},{"latitude":"12.918660000000008","longitude":"77.66957999999997","responsecode":200},{"latitude":"12.918558000000008","longitude":"77.66990299999996","responsecode":200},{"latitude":"12.918558","longitude":"77.669903","responsecode":200},{"latitude":"12.918550000000002","longitude":"77.66993000000001","responsecode":200},{"latitude":"12.91843","longitude":"77.67033","responsecode":200},{"latitude":"12.918330000000001","longitude":"77.67057000000001","responsecode":200},{"latitude":"12.918230000000001","longitude":"77.67081000000002","responsecode":200},{"latitude":"12.918140000000001","longitude":"77.67104000000002","responsecode":200},{"latitude":"12.91806","longitude":"77.67122000000002","responsecode":200},{"latitude":"12.91798","longitude":"77.67138000000001","responsecode":200},{"latitude":"12.91787","longitude":"77.67160000000001","responsecode":200},{"latitude":"12.91777","longitude":"77.67180000000002","responsecode":200},{"latitude":"12.917670000000001","longitude":"77.67198000000002","responsecode":200},{"latitude":"12.917520000000001","longitude":"77.67226000000002","responsecode":200},{"latitude":"12.917300000000001","longitude":"77.67273000000003","responsecode":200},{"latitude":"12.917240000000001","longitude":"77.67286000000003","responsecode":200},{"latitude":"12.917180000000002","longitude":"77.67298000000002","responsecode":200},{"latitude":"12.917090000000002","longitude":"77.67316000000002","responsecode":200},{"latitude":"12.917020000000003","longitude":"77.67329000000002","responsecode":200},{"latitude":"12.916960000000003","longitude":"77.67339000000003","responsecode":200},{"latitude":"12.916910000000003","longitude":"77.67345000000003","responsecode":200},{"latitude":"12.916860000000003","longitude":"77.67350000000003","responsecode":200},{"latitude":"12.916810000000003","longitude":"77.67354000000003","responsecode":200},{"latitude":"12.916720000000003","longitude":"77.67358000000003","responsecode":200},{"latitude":"12.916610000000004","longitude":"77.67361000000002","responsecode":200},{"latitude":"12.916500000000005","longitude":"77.67364000000002","responsecode":200},{"latitude":"12.916330000000004","longitude":"77.67370000000003","responsecode":200},{"latitude":"12.916230000000004","longitude":"77.67375000000003","responsecode":200},{"latitude":"12.916060000000003","longitude":"77.67386000000003","responsecode":200},{"latitude":"12.915910000000004","longitude":"77.67397000000004","responsecode":200},{"latitude":"12.915770000000004","longitude":"77.67408000000005","responsecode":200},{"latitude":"12.915610000000004","longitude":"77.67423000000005","responsecode":200},{"latitude":"12.915500000000005","longitude":"77.67436000000005","responsecode":200},{"latitude":"12.915400000000005","longitude":"77.67450000000005","responsecode":200},{"latitude":"12.915290000000006","longitude":"77.67467000000005","responsecode":200},{"latitude":"12.914740000000005","longitude":"77.67553000000005","responsecode":200},{"latitude":"12.914640000000006","longitude":"77.67570000000005","responsecode":200},{"latitude":"12.914560000000005","longitude":"77.67587000000005","responsecode":200},{"latitude":"12.914500000000006","longitude":"77.67603000000004","responsecode":200},{"latitude":"12.914440000000006","longitude":"77.67620000000004","responsecode":200},{"latitude":"12.914390000000006","longitude":"77.67635000000004","responsecode":200},{"latitude":"12.914330000000007","longitude":"77.67655000000005","responsecode":200},{"latitude":"12.914260000000008","longitude":"77.67678000000005","responsecode":200},{"latitude":"12.914240000000008","longitude":"77.67685000000004","responsecode":200},{"latitude":"12.91422000000001","longitude":"77.67693000000004","responsecode":200},{"latitude":"12.914180000000009","longitude":"77.67709000000004","responsecode":200},{"latitude":"12.91411000000001","longitude":"77.67734000000003","responsecode":200},{"latitude":"12.91405000000001","longitude":"77.67753000000003","responsecode":200},{"latitude":"12.91405","longitude":"77.67753","responsecode":200},{"latitude":"12.91405","longitude":"77.67753","responsecode":200},{"latitude":"12.91399","longitude":"77.6777","responsecode":200},{"latitude":"12.91395","longitude":"77.67782","responsecode":200},{"latitude":"12.9139","longitude":"77.67793999999999","responsecode":200},{"latitude":"12.91387","longitude":"77.67801999999999","responsecode":200},{"latitude":"12.913839999999999","longitude":"77.67808999999998","responsecode":200},{"latitude":"12.91378","longitude":"77.67823999999999","responsecode":200},{"latitude":"12.913689999999999","longitude":"77.67845999999999","responsecode":200},{"latitude":"12.91362","longitude":"77.67862999999998","responsecode":200},{"latitude":"12.91356","longitude":"77.67879999999998","responsecode":200},{"latitude":"12.913490000000001","longitude":"77.67893999999998","responsecode":200},{"latitude":"12.913420000000002","longitude":"77.67907999999998","responsecode":200},{"latitude":"12.913330000000002","longitude":"77.67924999999998","responsecode":200},{"latitude":"12.912830000000001","longitude":"77.68023999999998","responsecode":200},{"latitude":"12.912720000000002","longitude":"77.68041999999998","responsecode":200},{"latitude":"12.912580000000002","longitude":"77.68066999999998","responsecode":200},{"latitude":"12.912290000000002","longitude":"77.68122999999997","responsecode":200},{"latitude":"12.912110000000002","longitude":"77.68156999999997","responsecode":200},{"latitude":"12.911880000000002","longitude":"77.68199999999996","responsecode":200},{"latitude":"12.911760000000001","longitude":"77.68222999999996","responsecode":200},{"latitude":"12.91164","longitude":"77.68247999999996","responsecode":200},{"latitude":"12.91156","longitude":"77.68264999999995","responsecode":200},{"latitude":"12.9115","longitude":"77.68277999999995","responsecode":200},{"latitude":"12.91142","longitude":"77.68294999999995","responsecode":200},{"latitude":"12.91137","longitude":"77.68305999999995","responsecode":200},{"latitude":"12.911109999999999","longitude":"77.68368999999996","responsecode":200},{"latitude":"12.911069999999999","longitude":"77.68378999999996","responsecode":200},{"latitude":"12.91101","longitude":"77.68393999999996","responsecode":200},{"latitude":"12.91082","longitude":"77.68440999999997","responsecode":200},{"latitude":"12.91082","longitude":"77.68441","responsecode":200},{"latitude":"12.91082","longitude":"77.68441","responsecode":200},{"latitude":"12.91076","longitude":"77.68455","responsecode":200},{"latitude":"12.9107","longitude":"77.6847","responsecode":200},{"latitude":"12.91057","longitude":"77.68502000000001","responsecode":200},{"latitude":"12.91049","longitude":"77.68522000000002","responsecode":200},{"latitude":"12.91026","longitude":"77.68580000000001","responsecode":200},{"latitude":"12.910139999999998","longitude":"77.68608000000002","responsecode":200},{"latitude":"12.910089999999999","longitude":"77.68626000000002","responsecode":200},{"latitude":"12.909999999999998","longitude":"77.68649000000002","responsecode":200},{"latitude":"12.909879999999998","longitude":"77.68681000000002","responsecode":200},{"latitude":"12.909729999999998","longitude":"77.68717000000002","responsecode":200},{"latitude":"12.909649999999997","longitude":"77.68737000000003","responsecode":200},{"latitude":"12.909459999999997","longitude":"77.68784000000004","responsecode":200},{"latitude":"12.909339999999997","longitude":"77.68813000000004","responsecode":200},{"latitude":"12.909299999999996","longitude":"77.68823000000005","responsecode":200},{"latitude":"12.909159999999996","longitude":"77.68860000000005","responsecode":200},{"latitude":"12.909009999999997","longitude":"77.68902000000006","responsecode":200},{"latitude":"12.908959999999997","longitude":"77.68916000000006","responsecode":200},{"latitude":"12.908849999999997","longitude":"77.68949000000006","responsecode":200},{"latitude":"12.908799999999998","longitude":"77.68968000000007","responsecode":200},{"latitude":"12.908796999999998","longitude":"77.68969200000006","responsecode":200},{"latitude":"12.908797","longitude":"77.689692","responsecode":200},{"latitude":"12.90876","longitude":"77.68984999999999","responsecode":200},{"latitude":"12.908719999999999","longitude":"77.69003","responsecode":200},{"latitude":"12.908679999999999","longitude":"77.69019999999999","responsecode":200},{"latitude":"12.908619999999999","longitude":"77.69048","responsecode":200},{"latitude":"12.90855","longitude":"77.69076","responsecode":200},{"latitude":"12.9085","longitude":"77.69091999999999","responsecode":200},{"latitude":"12.90845","longitude":"77.69107","responsecode":200},{"latitude":"12.90833","longitude":"77.69151","responsecode":200},{"latitude":"12.90819","longitude":"77.69206","responsecode":200},{"latitude":"12.908159999999999","longitude":"77.69217","responsecode":200},{"latitude":"12.908129999999998","longitude":"77.69227000000001","responsecode":200},{"latitude":"12.908099999999997","longitude":"77.69238000000001","responsecode":200},{"latitude":"12.908049999999998","longitude":"77.69255000000001","responsecode":200},{"latitude":"12.907989999999998","longitude":"77.69275000000002","responsecode":200},{"latitude":"12.907919999999999","longitude":"77.69301000000002","responsecode":200},{"latitude":"12.90786","longitude":"77.69324000000002","responsecode":200},{"latitude":"12.9078","longitude":"77.69348000000002","responsecode":200},{"latitude":"12.90776","longitude":"77.69366000000002","responsecode":200},{"latitude":"12.907729999999999","longitude":"77.69378000000002","responsecode":200},{"latitude":"12.90763","longitude":"77.69423000000002","responsecode":200},{"latitude":"12.90749","longitude":"77.69484000000001","responsecode":200},{"latitude":"12.90742","longitude":"77.69517000000002","responsecode":200},{"latitude":"12.9074","longitude":"77.69526000000002","responsecode":200},{"latitude":"12.90737","longitude":"77.69535000000002","responsecode":200},{"latitude":"12.90734","longitude":"77.69542000000001","responsecode":200},{"latitude":"12.90728","longitude":"77.69555000000001","responsecode":200},{"latitude":"12.90728","longitude":"77.69555","responsecode":200},{"latitude":"12.90728","longitude":"77.69555","responsecode":200},{"latitude":"12.907210000000001","longitude":"77.69574","responsecode":200},{"latitude":"12.907070000000001","longitude":"77.6962","responsecode":200},{"latitude":"12.90694","longitude":"77.69658000000001","responsecode":200},{"latitude":"12.90682","longitude":"77.69698000000001","responsecode":200},{"latitude":"12.90676","longitude":"77.69719","responsecode":200},{"latitude":"12.90668","longitude":"77.6975","responsecode":200},{"latitude":"12.906649999999999","longitude":"77.69761000000001","responsecode":200},{"latitude":"12.90658","longitude":"77.69785000000002","responsecode":200},{"latitude":"12.90646","longitude":"77.69837000000001","responsecode":200},{"latitude":"12.906429999999999","longitude":"77.69848000000002","responsecode":200},{"latitude":"12.906389999999998","longitude":"77.69860000000001","responsecode":200},{"latitude":"12.906349999999998","longitude":"77.69872000000001","responsecode":200},{"latitude":"12.906309999999998","longitude":"77.69883000000002","responsecode":200},{"latitude":"12.906279999999997","longitude":"77.69891000000001","responsecode":200},{"latitude":"12.906239999999997","longitude":"77.69900000000001","responsecode":200},{"latitude":"12.906169999999998","longitude":"77.69914000000001","responsecode":200},{"latitude":"12.906079999999998","longitude":"77.69932000000001","responsecode":200},{"latitude":"12.906019999999998","longitude":"77.69945000000001","responsecode":200},{"latitude":"12.905929999999998","longitude":"77.69963000000001","responsecode":200},{"latitude":"12.905839999999998","longitude":"77.69980000000001","responsecode":200},{"latitude":"12.905699999999998","longitude":"77.70005","responsecode":200},{"latitude":"12.905609999999998","longitude":"77.70021","responsecode":200},{"latitude":"12.905469999999998","longitude":"77.70047","responsecode":200},{"latitude":"12.905279999999998","longitude":"77.70083","responsecode":200},{"latitude":"12.904969999999997","longitude":"77.70138","responsecode":200},{"latitude":"12.904889999999996","longitude":"77.70152","responsecode":200},{"latitude":"12.904749999999996","longitude":"77.70176000000001","responsecode":200},{"latitude":"12.904319999999997","longitude":"77.70255","responsecode":200},{"latitude":"12.904139999999996","longitude":"77.70287","responsecode":200},{"latitude":"12.904059999999996","longitude":"77.70302000000001","responsecode":200},{"latitude":"12.904019999999996","longitude":"77.7031","responsecode":200},{"latitude":"12.903949999999996","longitude":"77.70322","responsecode":200},{"latitude":"12.903869999999996","longitude":"77.70337","responsecode":200},{"latitude":"12.903809999999996","longitude":"77.70347000000001","responsecode":200},{"latitude":"12.903719999999996","longitude":"77.70363","responsecode":200},{"latitude":"12.903639999999996","longitude":"77.70378000000001","responsecode":200},{"latitude":"12.903559999999995","longitude":"77.70393000000001","responsecode":200},{"latitude":"12.903499999999996","longitude":"77.70405000000001","responsecode":200},{"latitude":"12.9035","longitude":"77.70405","responsecode":200},{"latitude":"12.9035","longitude":"77.70405","responsecode":200},{"latitude":"12.90339","longitude":"77.70425","responsecode":200},{"latitude":"12.90332","longitude":"77.70436000000001","responsecode":200},{"latitude":"12.903270000000001","longitude":"77.70446000000001","responsecode":200},{"latitude":"12.90323","longitude":"77.70453","responsecode":200},{"latitude":"12.903080000000001","longitude":"77.70482000000001","responsecode":200},{"latitude":"12.90253","longitude":"77.70586000000002","responsecode":200},{"latitude":"12.90236","longitude":"77.70616000000001","responsecode":200},{"latitude":"12.90225","longitude":"77.70637","responsecode":200},{"latitude":"12.90216","longitude":"77.70655000000001","responsecode":200},{"latitude":"12.902000000000001","longitude":"77.70685","responsecode":200},{"latitude":"12.90174","longitude":"77.70738","responsecode":200},{"latitude":"12.90149","longitude":"77.70792","responsecode":200},{"latitude":"12.901380000000001","longitude":"77.70816","responsecode":200},{"latitude":"12.901270000000002","longitude":"77.70840000000001","responsecode":200},{"latitude":"12.901230000000002","longitude":"77.70848000000001","responsecode":200},{"latitude":"12.901180000000002","longitude":"77.70859000000002","responsecode":200},{"latitude":"12.900930000000002","longitude":"77.70914000000002","responsecode":200},{"latitude":"12.900840000000002","longitude":"77.70936000000002","responsecode":200},{"latitude":"12.900700000000002","longitude":"77.70976000000002","responsecode":200},{"latitude":"12.900600000000003","longitude":"77.71009000000002","responsecode":200},{"latitude":"12.900450000000003","longitude":"77.71059000000002","responsecode":200},{"latitude":"12.900420000000002","longitude":"77.71068000000002","responsecode":200},{"latitude":"12.900380000000002","longitude":"77.71079000000003","responsecode":200},{"latitude":"12.900350000000001","longitude":"77.71085000000004","responsecode":200},{"latitude":"12.90032","longitude":"77.71092000000003","responsecode":200},{"latitude":"12.90029","longitude":"77.71098000000003","responsecode":200},{"latitude":"12.90021","longitude":"77.71112000000004","responsecode":200},{"latitude":"12.900129999999999","longitude":"77.71124000000003","responsecode":200},{"latitude":"12.899659999999999","longitude":"77.71190000000003","responsecode":200},{"latitude":"12.8996","longitude":"77.71198000000003","responsecode":200},{"latitude":"12.89953","longitude":"77.71210000000002","responsecode":200},{"latitude":"12.89947","longitude":"77.71223000000002","responsecode":200},{"latitude":"12.899400000000002","longitude":"77.71238000000002","responsecode":200},{"latitude":"12.899330000000003","longitude":"77.71256000000002","responsecode":200},{"latitude":"12.899290000000002","longitude":"77.71268000000002","responsecode":200},{"latitude":"12.89929","longitude":"77.71268","responsecode":200},{"latitude":"12.89929","longitude":"77.71268","responsecode":200},{"latitude":"12.8992","longitude":"77.71296000000001","responsecode":200},{"latitude":"12.89916","longitude":"77.71307000000002","responsecode":200},{"latitude":"12.89911","longitude":"77.71324000000001","responsecode":200},{"latitude":"12.89906","longitude":"77.71336000000001","responsecode":200},{"latitude":"12.89903","longitude":"77.71344","responsecode":200},{"latitude":"12.899","longitude":"77.71353","responsecode":200},{"latitude":"12.899","longitude":"77.71353","responsecode":200},{"latitude":"12.899","longitude":"77.71353","responsecode":200},{"latitude":"12.898919999999999","longitude":"77.71377000000001","responsecode":200},{"latitude":"12.898869999999999","longitude":"77.71395000000001","responsecode":200},{"latitude":"12.898779999999999","longitude":"77.7142","responsecode":200},{"latitude":"12.898719999999999","longitude":"77.71436","responsecode":200},{"latitude":"12.898579999999999","longitude":"77.71477","responsecode":200},{"latitude":"12.898539999999999","longitude":"77.71489","responsecode":200},{"latitude":"12.898419999999998","longitude":"77.71525","responsecode":200},{"latitude":"12.898339999999997","longitude":"77.71549999999999","responsecode":200},{"latitude":"12.898299999999997","longitude":"77.71562999999999","responsecode":200},{"latitude":"12.898239999999998","longitude":"77.71583","responsecode":200},{"latitude":"12.898169999999999","longitude":"77.71605","responsecode":200},{"latitude":"12.89796","longitude":"77.71677","responsecode":200},{"latitude":"12.89792","longitude":"77.71691","responsecode":200},{"latitude":"12.897789999999999","longitude":"77.7173","responsecode":200},{"latitude":"12.897649999999999","longitude":"77.71776","responsecode":200},{"latitude":"12.897499999999999","longitude":"77.71818999999999","responsecode":200},{"latitude":"12.8973","longitude":"77.7187","responsecode":200},{"latitude":"12.89723","longitude":"77.71885999999999","responsecode":200},{"latitude":"12.89718","longitude":"77.71897999999999","responsecode":200},{"latitude":"12.897110000000001","longitude":"77.71914999999998","responsecode":200},{"latitude":"12.897050000000002","longitude":"77.71929999999999","responsecode":200},{"latitude":"12.896990000000002","longitude":"77.71942999999999","responsecode":200},{"latitude":"12.896780000000003","longitude":"77.71996999999999","responsecode":200},{"latitude":"12.896690000000003","longitude":"77.72017999999998","responsecode":200},{"latitude":"12.896580000000004","longitude":"77.72038999999998","responsecode":200},{"latitude":"12.89658","longitude":"77.72039","responsecode":200},{"latitude":"12.89658","longitude":"77.72039","responsecode":200},{"latitude":"12.89648","longitude":"77.72059999999999","responsecode":200},{"latitude":"12.89628","longitude":"77.72102999999998","responsecode":200},{"latitude":"12.89616","longitude":"77.72125999999999","responsecode":200},{"latitude":"12.89606","longitude":"77.72146999999998","responsecode":200},{"latitude":"12.89598","longitude":"77.72162999999998","responsecode":200},{"latitude":"12.89588","longitude":"77.72183999999997","responsecode":200},{"latitude":"12.89564","longitude":"77.72228999999997","responsecode":200},{"latitude":"12.89544","longitude":"77.72270999999998","responsecode":200},{"latitude":"12.89535","longitude":"77.72287999999998","responsecode":200},{"latitude":"12.8953","longitude":"77.72297999999998","responsecode":200},{"latitude":"12.89512","longitude":"77.72335999999999","responsecode":200},{"latitude":"12.895","longitude":"77.72360999999998","responsecode":200},{"latitude":"12.89489","longitude":"77.72382999999998","responsecode":200},{"latitude":"12.89471","longitude":"77.72423999999998","responsecode":200},{"latitude":"12.89455","longitude":"77.72458999999998","responsecode":200},{"latitude":"12.89404","longitude":"77.72571999999998","responsecode":200},{"latitude":"12.893830000000001","longitude":"77.72615999999998","responsecode":200},{"latitude":"12.893620000000002","longitude":"77.72663999999997","responsecode":200},{"latitude":"12.893520000000002","longitude":"77.72684999999997","responsecode":200},{"latitude":"12.893360000000003","longitude":"77.72714999999997","responsecode":200},{"latitude":"12.893310000000003","longitude":"77.72723999999997","responsecode":200},{"latitude":"12.893250000000004","longitude":"77.72733999999997","responsecode":200},{"latitude":"12.893200000000004","longitude":"77.72740999999996","responsecode":200},{"latitude":"12.892960000000004","longitude":"77.72776999999996","responsecode":200},{"latitude":"12.892870000000004","longitude":"77.72788999999996","responsecode":200},{"latitude":"12.892730000000004","longitude":"77.72807999999996","responsecode":200},{"latitude":"12.892590000000004","longitude":"77.72825999999996","responsecode":200},{"latitude":"12.892444000000003","longitude":"77.72844699999996","responsecode":200},{"latitude":"12.892444","longitude":"77.728447","responsecode":200},{"latitude":"12.89241","longitude":"77.72849000000001","responsecode":200},{"latitude":"12.89229","longitude":"77.72864000000001","responsecode":200},{"latitude":"12.89171","longitude":"77.72937000000002","responsecode":200},{"latitude":"12.89149","longitude":"77.72964000000002","responsecode":200},{"latitude":"12.890989999999999","longitude":"77.73026000000002","responsecode":200},{"latitude":"12.890539999999998","longitude":"77.73084000000001","responsecode":200},{"latitude":"12.890109999999998","longitude":"77.73137000000001","responsecode":200},{"latitude":"12.889629999999999","longitude":"77.73199000000001","responsecode":200},{"latitude":"12.889499999999998","longitude":"77.73217000000001","responsecode":200},{"latitude":"12.889429999999999","longitude":"77.73226000000001","responsecode":200},{"latitude":"12.88932","longitude":"77.73243000000001","responsecode":200},{"latitude":"12.88928","longitude":"77.7325","responsecode":200},{"latitude":"12.88917","longitude":"77.73269","responsecode":200},{"latitude":"12.88885","longitude":"77.73326","responsecode":200},{"latitude":"12.88872","longitude":"77.73349","responsecode":200},{"latitude":"12.888539999999999","longitude":"77.73381","responsecode":200},{"latitude":"12.88847","longitude":"77.73393","responsecode":200},{"latitude":"12.88818","longitude":"77.73449","responsecode":200},{"latitude":"12.888020000000001","longitude":"77.73481","responsecode":200},{"latitude":"12.887910000000002","longitude":"77.73507","responsecode":200},{"latitude":"12.887850000000002","longitude":"77.73523999999999","responsecode":200},{"latitude":"12.887810000000002","longitude":"77.73539999999998","responsecode":200},{"latitude":"12.887770000000002","longitude":"77.73561999999998","responsecode":200},{"latitude":"12.88774","longitude":"77.73582999999998","responsecode":200},{"latitude":"12.887690000000001","longitude":"77.73624999999998","responsecode":200},{"latitude":"12.88766","longitude":"77.73649999999998","responsecode":200},{"latitude":"12.887640000000001","longitude":"77.73664999999998","responsecode":200},{"latitude":"12.887590000000001","longitude":"77.73704999999998","responsecode":200},{"latitude":"12.887570000000002","longitude":"77.73730999999998","responsecode":200},{"latitude":"12.887550000000003","longitude":"77.73744999999998","responsecode":200},{"latitude":"12.887520000000002","longitude":"77.73761999999998","responsecode":200},{"latitude":"12.887490000000001","longitude":"77.73787999999998","responsecode":200},{"latitude":"12.887480000000002","longitude":"77.73799999999997","responsecode":200},{"latitude":"12.887450000000001","longitude":"77.73819999999998","responsecode":200},{"latitude":"12.887430000000002","longitude":"77.73838999999998","responsecode":200},{"latitude":"12.88743","longitude":"77.73839","responsecode":200},{"latitude":"12.88743","longitude":"77.73839","responsecode":200},{"latitude":"12.88739","longitude":"77.73862","responsecode":200},{"latitude":"12.88734","longitude":"77.73904999999999","responsecode":200},{"latitude":"12.88728","longitude":"77.73951","responsecode":200},{"latitude":"12.887270000000001","longitude":"77.73962999999999","responsecode":200},{"latitude":"12.88715","longitude":"77.74081","responsecode":200},{"latitude":"12.88713","longitude":"77.74098","responsecode":200},{"latitude":"12.887120000000001","longitude":"77.74105999999999","responsecode":200},{"latitude":"12.887100000000002","longitude":"77.74114999999999","responsecode":200},{"latitude":"12.887080000000003","longitude":"77.74122999999999","responsecode":200},{"latitude":"12.887060000000004","longitude":"77.74130999999998","responsecode":200},{"latitude":"12.886990000000004","longitude":"77.74153999999999","responsecode":200},{"latitude":"12.886940000000005","longitude":"77.74169999999998","responsecode":200},{"latitude":"12.886870000000005","longitude":"77.74188999999998","responsecode":200},{"latitude":"12.886780000000005","longitude":"77.74211999999999","responsecode":200},{"latitude":"12.886750000000005","longitude":"77.74220999999999","responsecode":200},{"latitude":"12.886650000000005","longitude":"77.74247999999999","responsecode":200},{"latitude":"12.886560000000005","longitude":"77.74269999999999","responsecode":200},{"latitude":"12.886330000000005","longitude":"77.74325999999998","responsecode":200},{"latitude":"12.886230000000005","longitude":"77.74352999999998","responsecode":200},{"latitude":"12.885990000000005","longitude":"77.74413999999997","responsecode":200},{"latitude":"12.885590000000004","longitude":"77.74521999999997","responsecode":200},{"latitude":"12.885510000000004","longitude":"77.74544999999998","responsecode":200},{"latitude":"12.885440000000004","longitude":"77.74564999999998","responsecode":200},{"latitude":"12.885420000000005","longitude":"77.74573999999998","responsecode":200},{"latitude":"12.885390000000005","longitude":"77.74583999999999","responsecode":200},{"latitude":"12.885340000000005","longitude":"77.74599999999998","responsecode":200},{"latitude":"12.885310000000004","longitude":"77.74611999999998","responsecode":200},{"latitude":"12.885210000000004","longitude":"77.74641999999997","responsecode":200},{"latitude":"12.885110000000005","longitude":"77.74674999999998","responsecode":200},{"latitude":"12.885070000000004","longitude":"77.74687999999998","responsecode":200},{"latitude":"12.884930000000004","longitude":"77.74732999999998","responsecode":200},{"latitude":"12.884800000000004","longitude":"77.74769999999998","responsecode":200},{"latitude":"12.884720000000003","longitude":"77.74794999999997","responsecode":200},{"latitude":"12.884650000000004","longitude":"77.74819999999997","responsecode":200},{"latitude":"12.884590000000005","longitude":"77.74837999999997","responsecode":200},{"latitude":"12.884530000000005","longitude":"77.74856999999997","responsecode":200},{"latitude":"12.884460000000006","longitude":"77.74877999999997","responsecode":200},{"latitude":"12.884400000000007","longitude":"77.74897999999997","responsecode":200},{"latitude":"12.884300000000007","longitude":"77.74929999999998","responsecode":200},{"latitude":"12.884270000000006","longitude":"77.74941999999997","responsecode":200},{"latitude":"12.884230000000006","longitude":"77.74955999999997","responsecode":200},{"latitude":"12.884160000000007","longitude":"77.74975999999998","responsecode":200},{"latitude":"12.884100000000007","longitude":"77.74983999999998","responsecode":200},{"latitude":"12.883830000000007","longitude":"77.75061999999998","responsecode":200},{"latitude":"12.883300000000007","longitude":"77.75218999999998","responsecode":200},{"latitude":"12.883220000000007","longitude":"77.75240999999998","responsecode":200},{"latitude":"12.88322","longitude":"77.75241","responsecode":200},{"latitude":"12.88322","longitude":"77.75241","responsecode":200},{"latitude":"12.88302","longitude":"77.75253","responsecode":200},{"latitude":"12.88271","longitude":"77.75264999999999","responsecode":200},{"latitude":"12.882399999999999","longitude":"77.75280999999998","responsecode":200},{"latitude":"12.882039999999998","longitude":"77.75296999999998","responsecode":200},{"latitude":"12.881769999999998","longitude":"77.75309999999998","responsecode":200},{"latitude":"12.881429999999998","longitude":"77.75321999999997","responsecode":200},{"latitude":"12.881159999999998","longitude":"77.75332999999998","responsecode":200},{"latitude":"12.880879999999998","longitude":"77.75340999999997","responsecode":200},{"latitude":"12.880719999999998","longitude":"77.75342999999998","responsecode":200},{"latitude":"12.880619999999999","longitude":"77.75344999999999","responsecode":200},{"latitude":"12.880339999999999","longitude":"77.75349999999999","responsecode":200},{"latitude":"12.87999","longitude":"77.75356999999998","responsecode":200},{"latitude":"12.879769999999999","longitude":"77.75358999999999","responsecode":200},{"latitude":"12.879649999999998","longitude":"77.75365","responsecode":200},{"latitude":"12.87965","longitude":"77.75365","responsecode":200},{"latitude":"12.87965","longitude":"77.75365","responsecode":200},{"latitude":"12.87956","longitude":"77.75374","responsecode":200},{"latitude":"12.87947","longitude":"77.75385","responsecode":200},{"latitude":"12.8794","longitude":"77.75405","responsecode":200},{"latitude":"12.87936","longitude":"77.75433000000001","responsecode":200},{"latitude":"12.87932","longitude":"77.75454","responsecode":200},{"latitude":"12.87929","longitude":"77.75465000000001","responsecode":200},{"latitude":"12.87924","longitude":"77.75476000000002","responsecode":200},{"latitude":"12.87913","longitude":"77.75489000000002","responsecode":200},{"latitude":"12.879","longitude":"77.75500000000002","responsecode":200},{"latitude":"12.87896","longitude":"77.75507000000002","responsecode":200},{"latitude":"12.87887","longitude":"77.75517000000002","responsecode":200},{"latitude":"12.87885","longitude":"77.75526000000002","responsecode":200},{"latitude":"12.87888","longitude":"77.75538000000002","responsecode":200},{"latitude":"12.878960000000001","longitude":"77.75542000000002","responsecode":200},{"latitude":"12.879050000000001","longitude":"77.75545000000001","responsecode":200},{"latitude":"12.879230000000002","longitude":"77.75552","responsecode":200},{"latitude":"12.879380000000001","longitude":"77.75562000000001","responsecode":200},{"latitude":"12.87954","longitude":"77.75569","responsecode":200},{"latitude":"12.879620000000001","longitude":"77.75574","responsecode":200},{"latitude":"12.87977","longitude":"77.75582","responsecode":200},{"latitude":"12.87998","longitude":"77.75592","responsecode":200},{"latitude":"12.88011","longitude":"77.75601","responsecode":200},{"latitude":"12.88013","longitude":"77.75602","responsecode":200},{"latitude":"12.88025","longitude":"77.75612000000001","responsecode":200},{"latitude":"12.8803","longitude":"77.7562","responsecode":200},{"latitude":"12.88037","longitude":"77.75626000000001","responsecode":200},{"latitude":"12.88054","longitude":"77.75636000000002","responsecode":200},{"latitude":"12.88063","longitude":"77.75640000000001","responsecode":200},{"latitude":"12.8808","longitude":"77.75649000000001","responsecode":200},{"latitude":"12.88119","longitude":"77.75662000000001","responsecode":200},{"latitude":"12.88158","longitude":"77.75673000000002","responsecode":200},{"latitude":"12.881789999999999","longitude":"77.75681000000002","responsecode":200},{"latitude":"12.88179","longitude":"77.75681","responsecode":200},{"latitude":"12.88179","longitude":"77.75681","responsecode":200},{"latitude":"12.8817","longitude":"77.75706","responsecode":200},{"latitude":"12.88161","longitude":"77.75726999999999","responsecode":200},{"latitude":"12.88156","longitude":"77.75739999999999","responsecode":200},{"latitude":"12.88146","longitude":"77.75764","responsecode":200},{"latitude":"12.88143","longitude":"77.7577","responsecode":200},{"latitude":"12.88131","longitude":"77.75793","responsecode":200},{"latitude":"12.880669999999999","longitude":"77.75912","responsecode":200},{"latitude":"12.880579999999998","longitude":"77.75929","responsecode":200},{"latitude":"12.8799","longitude":"77.76053999999999","responsecode":200},{"latitude":"12.879399999999999","longitude":"77.76145999999999","responsecode":200},{"latitude":"12.87933","longitude":"77.76159999999999","responsecode":200},{"latitude":"12.87933","longitude":"77.7616","responsecode":200},{"latitude":"12.87933","longitude":"77.7616","responsecode":200},{"latitude":"12.87871","longitude":"77.76275","responsecode":200},{"latitude":"12.87837","longitude":"77.76338","responsecode":200},{"latitude":"12.87809","longitude":"77.76388","responsecode":200},{"latitude":"12.87799","longitude":"77.76407","responsecode":200},{"latitude":"12.87756","longitude":"77.76486","responsecode":200},{"latitude":"12.87743","longitude":"77.76504","responsecode":200},{"latitude":"12.87726","longitude":"77.76519","responsecode":200},{"latitude":"12.87702","longitude":"77.76529000000001","responsecode":200},{"latitude":"12.87696","longitude":"77.76530000000001","responsecode":200},{"latitude":"12.87642","longitude":"77.76544000000001","responsecode":200},{"latitude":"12.87575","longitude":"77.7656","responsecode":200},{"latitude":"12.87452","longitude":"77.7659","responsecode":200},{"latitude":"12.8744","longitude":"77.76593","responsecode":200},{"latitude":"12.874039999999999","longitude":"77.76601","responsecode":200},{"latitude":"12.87398","longitude":"77.76602","responsecode":200},{"latitude":"12.87316","longitude":"77.76623","responsecode":200},{"latitude":"12.87261","longitude":"77.76637","responsecode":200},{"latitude":"12.872268","longitude":"77.766453","responsecode":200},{"latitude":"12.872268","longitude":"77.766453","responsecode":200},{"latitude":"12.87179","longitude":"77.76657","responsecode":200},{"latitude":"12.87151","longitude":"77.76661","responsecode":200},{"latitude":"12.8711","longitude":"77.76664","responsecode":200},{"latitude":"12.87024","longitude":"77.76666","responsecode":200},{"latitude":"12.86918","longitude":"77.76667","responsecode":200},{"latitude":"12.86883","longitude":"77.76666","responsecode":200},{"latitude":"12.868590000000001","longitude":"77.76672","responsecode":200},{"latitude":"12.868390000000002","longitude":"77.76677000000001","responsecode":200},{"latitude":"12.86822","longitude":"77.76682000000001","responsecode":200},{"latitude":"12.86805","longitude":"77.76689","responsecode":200},{"latitude":"12.867890000000001","longitude":"77.76698","responsecode":200},{"latitude":"12.86763","longitude":"77.76721","responsecode":200},{"latitude":"12.86763","longitude":"77.76721","responsecode":200},{"latitude":"12.86763","longitude":"77.76721","responsecode":200},{"latitude":"12.86708","longitude":"77.76767000000001","responsecode":200},{"latitude":"12.866999999999999","longitude":"77.76774","responsecode":200},{"latitude":"12.86604","longitude":"77.76857","responsecode":200},{"latitude":"12.86557","longitude":"77.76898","responsecode":200},{"latitude":"12.86533","longitude":"77.76919","responsecode":200},{"latitude":"12.86522","longitude":"77.76928","responsecode":200},{"latitude":"12.86475","longitude":"77.76968","responsecode":200},{"latitude":"12.864640000000001","longitude":"77.76978","responsecode":200},{"latitude":"12.862760000000002","longitude":"77.77143","responsecode":200},{"latitude":"12.862480000000001","longitude":"77.77167","responsecode":200},{"latitude":"12.862070000000001","longitude":"77.77202","responsecode":200},{"latitude":"12.86207","longitude":"77.77202","responsecode":200},{"latitude":"12.86207","longitude":"77.77202","responsecode":200},{"latitude":"12.86202","longitude":"77.7721","responsecode":200},{"latitude":"12.86192","longitude":"77.77221","responsecode":200},{"latitude":"12.86186","longitude":"77.77233","responsecode":200},{"latitude":"12.86178","longitude":"77.77253","responsecode":200},{"latitude":"12.86171","longitude":"77.77283","responsecode":200},{"latitude":"12.86163","longitude":"77.77322","responsecode":200},{"latitude":"12.86158","longitude":"77.77346999999999","responsecode":200},{"latitude":"12.86134","longitude":"77.77477999999999","responsecode":200},{"latitude":"12.86126","longitude":"77.7752","responsecode":200},{"latitude":"12.8612","longitude":"77.77553999999999","responsecode":200},{"latitude":"12.86116","longitude":"77.77580999999999","responsecode":200},{"latitude":"12.86102","longitude":"77.77677999999999","responsecode":200},{"latitude":"12.86094","longitude":"77.77747999999998","responsecode":200},{"latitude":"12.86092","longitude":"77.77770999999998","responsecode":200},{"latitude":"12.86087","longitude":"77.77817999999999","responsecode":200},{"latitude":"12.86077","longitude":"77.77892999999999","responsecode":200},{"latitude":"12.86074","longitude":"77.77940999999998","responsecode":200},{"latitude":"12.86074","longitude":"77.77987999999999","responsecode":200},{"latitude":"12.86075","longitude":"77.78005999999999","responsecode":200},{"latitude":"12.86079","longitude":"77.78067999999999","responsecode":200},{"latitude":"12.860809999999999","longitude":"77.78084999999999","responsecode":200},{"latitude":"12.860829999999998","longitude":"77.78124999999999","responsecode":200},{"latitude":"12.860839999999998","longitude":"77.78140999999998","responsecode":200},{"latitude":"12.860859999999997","longitude":"77.78181999999998","responsecode":200},{"latitude":"12.860869999999997","longitude":"77.78208999999998","responsecode":200},{"latitude":"12.860889999999996","longitude":"77.78239999999998","responsecode":200},{"latitude":"12.860929999999996","longitude":"77.78286999999999","responsecode":200},{"latitude":"12.860969999999996","longitude":"77.78334","responsecode":200},{"latitude":"12.860989999999996","longitude":"77.78353","responsecode":200},{"latitude":"12.86099","longitude":"77.78353","responsecode":200},{"latitude":"12.86099","longitude":"77.78353","responsecode":200},{"latitude":"12.861009999999998","longitude":"77.78358","responsecode":200},{"latitude":"12.861009999999998","longitude":"77.78362","responsecode":200},{"latitude":"12.86099","longitude":"77.78365","responsecode":200},{"latitude":"12.86103","longitude":"77.78398","responsecode":200},{"latitude":"12.86107","longitude":"77.78424","responsecode":200},{"latitude":"12.861089999999999","longitude":"77.78442","responsecode":200},{"latitude":"12.861159999999998","longitude":"77.78492","responsecode":200},{"latitude":"12.861219999999998","longitude":"77.78526","responsecode":200},{"latitude":"12.861239999999997","longitude":"77.78541","responsecode":200},{"latitude":"12.861219999999998","longitude":"77.78552","responsecode":200},{"latitude":"12.861309999999998","longitude":"77.78590000000001","responsecode":200},{"latitude":"12.86131","longitude":"77.7859","responsecode":200},{"latitude":"12.86131","longitude":"77.7859","responsecode":200}],"Message":"Success","Issuccess":true,"exception":null,"RowCount":759,"responsecode":200}