{"data":[{"latitude":"12.91787","longitude":"77.57244","responsecode":200},{"latitude":"12.917670000000001","longitude":"77.57243","responsecode":200},{"latitude":"12.917440000000001","longitude":"77.57240999999999","responsecode":200},{"latitude":"12.91699","longitude":"77.57247","responsecode":200},{"latitude":"12.91693","longitude":"77.57249999999999","responsecode":200},{"latitude":"12.91665","longitude":"77.57287","responsecode":200},{"latitude":"12.91674","longitude":"77.5731","responsecode":200},{"latitude":"12.91681","longitude":"77.57325999999999","responsecode":200},{"latitude":"12.91687","longitude":"77.57338999999999","responsecode":200},{"latitude":"12.91692","longitude":"77.5735","responsecode":200},{"latitude":"12.917119999999999","longitude":"77.5735","responsecode":200},{"latitude":"12.91715","longitude":"77.5735","responsecode":200},{"latitude":"12.91761","longitude":"77.57348999999999","responsecode":200},{"latitude":"12.91759","longitude":"77.5736","responsecode":200},{"latitude":"12.91763","longitude":"77.57397","responsecode":200},{"latitude":"12.917660000000001","longitude":"77.57430000000001","responsecode":200},{"latitude":"12.917650000000002","longitude":"77.57438","responsecode":200},{"latitude":"12.917660000000001","longitude":"77.5745","responsecode":200},{"latitude":"12.917670000000001","longitude":"77.57471","responsecode":200},{"latitude":"12.91768","longitude":"77.57486999999999","responsecode":200},{"latitude":"12.91768","longitude":"77.57507999999999","responsecode":200},{"latitude":"12.91768","longitude":"77.57570999999999","responsecode":200},{"latitude":"12.917670000000001","longitude":"77.576","responsecode":200},{"latitude":"12.917650000000002","longitude":"77.57677","responsecode":200},{"latitude":"12.917640000000002","longitude":"77.57705","responsecode":200},{"latitude":"12.917630000000003","longitude":"77.57722","responsecode":200},{"latitude":"12.917620000000003","longitude":"77.57737","responsecode":200},{"latitude":"12.91762","longitude":"77.57737","responsecode":200},{"latitude":"12.91762","longitude":"77.57737","responsecode":200},{"latitude":"12.9176","longitude":"77.57745","responsecode":200},{"latitude":"12.91756","longitude":"77.57759","responsecode":200},{"latitude":"12.91751","longitude":"77.57773","responsecode":200},{"latitude":"12.91745","longitude":"77.57787","responsecode":200},{"latitude":"12.9174","longitude":"77.57797000000001","responsecode":200},{"latitude":"12.917330000000002","longitude":"77.5781","responsecode":200},{"latitude":"12.917280000000002","longitude":"77.57821000000001","responsecode":200},{"latitude":"12.917220000000002","longitude":"77.57834000000001","responsecode":200},{"latitude":"12.917200000000003","longitude":"77.57846","responsecode":200},{"latitude":"12.917200000000003","longitude":"77.57860000000001","responsecode":200},{"latitude":"12.917200000000003","longitude":"77.57882000000001","responsecode":200},{"latitude":"12.917200000000003","longitude":"77.57942000000001","responsecode":200},{"latitude":"12.917200000000003","longitude":"77.57980000000002","responsecode":200},{"latitude":"12.917190000000003","longitude":"77.58007000000002","responsecode":200},{"latitude":"12.917190000000003","longitude":"77.58023000000001","responsecode":200},{"latitude":"12.917190000000003","longitude":"77.58031000000001","responsecode":200},{"latitude":"12.917170000000004","longitude":"77.58062000000001","responsecode":200},{"latitude":"12.917160000000004","longitude":"77.58085000000001","responsecode":200},{"latitude":"12.917160000000004","longitude":"77.58127000000002","responsecode":200},{"latitude":"12.917150000000005","longitude":"77.58189000000002","responsecode":200},{"latitude":"12.917140000000005","longitude":"77.58232000000001","responsecode":200},{"latitude":"12.917124000000005","longitude":"77.58300000000001","responsecode":200},{"latitude":"12.917124","longitude":"77.583","responsecode":200},{"latitude":"12.91711","longitude":"77.58355999999999","responsecode":200},{"latitude":"12.91711","longitude":"77.58367","responsecode":200},{"latitude":"12.91709","longitude":"77.58417","responsecode":200},{"latitude":"12.91709","longitude":"77.58478","responsecode":200},{"latitude":"12.91709","longitude":"77.58506","responsecode":200},{"latitude":"12.91709","longitude":"77.58527","responsecode":200},{"latitude":"12.91708","longitude":"77.58582","responsecode":200},{"latitude":"12.91708","longitude":"77.58591","responsecode":200},{"latitude":"12.91707","longitude":"77.58633","responsecode":200},{"latitude":"12.917060000000001","longitude":"77.58676","responsecode":200},{"latitude":"12.917060000000001","longitude":"77.58697","responsecode":200},{"latitude":"12.91703","longitude":"77.58832","responsecode":200},{"latitude":"12.917010000000001","longitude":"77.58941999999999","responsecode":200},{"latitude":"12.91701","longitude":"77.58942","responsecode":200},{"latitude":"12.91701","longitude":"77.58942","responsecode":200},{"latitude":"12.91701","longitude":"77.58949","responsecode":200},{"latitude":"12.91699","longitude":"77.5908","responsecode":200},{"latitude":"12.91699","longitude":"77.59100000000001","responsecode":200},{"latitude":"12.91698","longitude":"77.59138000000002","responsecode":200},{"latitude":"12.916970000000001","longitude":"77.59166000000002","responsecode":200},{"latitude":"12.916950000000002","longitude":"77.59261000000002","responsecode":200},{"latitude":"12.916950000000002","longitude":"77.59295000000002","responsecode":200},{"latitude":"12.916946000000001","longitude":"77.59311000000001","responsecode":200},{"latitude":"12.916946","longitude":"77.59311","responsecode":200},{"latitude":"12.916939999999999","longitude":"77.59333","responsecode":200},{"latitude":"12.916939999999999","longitude":"77.59374","responsecode":200},{"latitude":"12.916929999999999","longitude":"77.59406","responsecode":200},{"latitude":"12.91692","longitude":"77.59437","responsecode":200},{"latitude":"12.91691","longitude":"77.59467","responsecode":200},{"latitude":"12.9169","longitude":"77.59509999999999","responsecode":200},{"latitude":"12.91689","longitude":"77.5953","responsecode":200},{"latitude":"12.91689","longitude":"77.59553","responsecode":200},{"latitude":"12.91688","longitude":"77.59582","responsecode":200},{"latitude":"12.91688","longitude":"77.59613","responsecode":200},{"latitude":"12.916870000000001","longitude":"77.59646000000001","responsecode":200},{"latitude":"12.916860000000002","longitude":"77.59669000000001","responsecode":200},{"latitude":"12.916860000000002","longitude":"77.59683000000001","responsecode":200},{"latitude":"12.916860000000002","longitude":"77.59694000000002","responsecode":200},{"latitude":"12.916840000000002","longitude":"77.59731000000002","responsecode":200},{"latitude":"12.91684","longitude":"77.59731","responsecode":200},{"latitude":"12.91684","longitude":"77.59731","responsecode":200},{"latitude":"12.916830000000001","longitude":"77.59747999999999","responsecode":200},{"latitude":"12.916820000000001","longitude":"77.59761999999999","responsecode":200},{"latitude":"12.916820000000001","longitude":"77.59768999999999","responsecode":200},{"latitude":"12.916820000000001","longitude":"77.59781999999998","responsecode":200},{"latitude":"12.916760000000002","longitude":"77.59787999999999","responsecode":200},{"latitude":"12.916740000000003","longitude":"77.59794","responsecode":200},{"latitude":"12.916740000000003","longitude":"77.59979999999999","responsecode":200},{"latitude":"12.916740000000003","longitude":"77.59991","responsecode":200},{"latitude":"12.916740000000003","longitude":"77.6","responsecode":200},{"latitude":"12.916740000000003","longitude":"77.60015999999999","responsecode":200},{"latitude":"12.916700000000002","longitude":"77.60186999999999","responsecode":200},{"latitude":"12.916720000000002","longitude":"77.60273","responsecode":200},{"latitude":"12.916730000000001","longitude":"77.60297","responsecode":200},{"latitude":"12.916730000000001","longitude":"77.60307","responsecode":200},{"latitude":"12.916730000000001","longitude":"77.60363","responsecode":200},{"latitude":"12.916730000000001","longitude":"77.60410999999999","responsecode":200},{"latitude":"12.91673","longitude":"77.60411","responsecode":200},{"latitude":"12.91673","longitude":"77.60411","responsecode":200},{"latitude":"12.91672","longitude":"77.60535","responsecode":200},{"latitude":"12.91672","longitude":"77.60543","responsecode":200},{"latitude":"12.91671","longitude":"77.60558999999999","responsecode":200},{"latitude":"12.91671","longitude":"77.60583999999999","responsecode":200},{"latitude":"12.91671","longitude":"77.60605999999999","responsecode":200},{"latitude":"12.91668","longitude":"77.60667999999998","responsecode":200},{"latitude":"12.916673999999999","longitude":"77.60687999999999","responsecode":200},{"latitude":"12.916674","longitude":"77.60688","responsecode":200},{"latitude":"12.91667","longitude":"77.60703000000001","responsecode":200},{"latitude":"12.91666","longitude":"77.60730000000001","responsecode":200},{"latitude":"12.91665","longitude":"77.60739000000001","responsecode":200},{"latitude":"12.91665","longitude":"77.60750000000002","responsecode":200},{"latitude":"12.91665","longitude":"77.60780000000001","responsecode":200},{"latitude":"12.916630000000001","longitude":"77.60879000000001","responsecode":200},{"latitude":"12.916612","longitude":"77.609119","responsecode":200},{"latitude":"12.916612","longitude":"77.609119","responsecode":200},{"latitude":"12.91661","longitude":"77.60916","responsecode":200},{"latitude":"12.91661","longitude":"77.60923","responsecode":200},{"latitude":"12.9166","longitude":"77.60970999999999","responsecode":200},{"latitude":"12.916590000000001","longitude":"77.61","responsecode":200},{"latitude":"12.916590000000001","longitude":"77.61006","responsecode":200},{"latitude":"12.916590000000001","longitude":"77.61015","responsecode":200},{"latitude":"12.9166","longitude":"77.61032","responsecode":200},{"latitude":"12.9166","longitude":"77.61049","responsecode":200},{"latitude":"12.916590000000001","longitude":"77.61124","responsecode":200},{"latitude":"12.916580000000002","longitude":"77.61184","responsecode":200},{"latitude":"12.916580000000002","longitude":"77.61217","responsecode":200},{"latitude":"12.916580000000002","longitude":"77.61239","responsecode":200},{"latitude":"12.916560000000002","longitude":"77.61371000000001","responsecode":200},{"latitude":"12.916550000000003","longitude":"77.61397000000001","responsecode":200},{"latitude":"12.916540000000003","longitude":"77.61427","responsecode":200},{"latitude":"12.916530000000003","longitude":"77.61446000000001","responsecode":200},{"latitude":"12.916510000000004","longitude":"77.61465000000001","responsecode":200},{"latitude":"12.916500000000005","longitude":"77.61481","responsecode":200},{"latitude":"12.916480000000005","longitude":"77.61505000000001","responsecode":200},{"latitude":"12.916460000000006","longitude":"77.61523000000001","responsecode":200},{"latitude":"12.916430000000005","longitude":"77.61541000000001","responsecode":200},{"latitude":"12.916390000000005","longitude":"77.61567000000001","responsecode":200},{"latitude":"12.916368000000006","longitude":"77.615907","responsecode":200},{"latitude":"12.916368","longitude":"77.615907","responsecode":200},{"latitude":"12.916360000000001","longitude":"77.61600000000001","responsecode":200},{"latitude":"12.91633","longitude":"77.61633000000002","responsecode":200},{"latitude":"12.9163","longitude":"77.61672000000002","responsecode":200},{"latitude":"12.91629","longitude":"77.61695000000002","responsecode":200},{"latitude":"12.91629","longitude":"77.61707000000001","responsecode":200},{"latitude":"12.91629","longitude":"77.61738000000001","responsecode":200},{"latitude":"12.9163","longitude":"77.61752000000001","responsecode":200},{"latitude":"12.9163","longitude":"77.61768000000001","responsecode":200},{"latitude":"12.9163","longitude":"77.61798","responsecode":200},{"latitude":"12.9163","longitude":"77.61821","responsecode":200},{"latitude":"12.91629","longitude":"77.61863000000001","responsecode":200},{"latitude":"12.91629","longitude":"77.61877000000001","responsecode":200},{"latitude":"12.91629","longitude":"77.61901000000002","responsecode":200},{"latitude":"12.91631","longitude":"77.61929000000002","responsecode":200},{"latitude":"12.91636","longitude":"77.61962000000003","responsecode":200},{"latitude":"12.916409999999999","longitude":"77.61985000000003","responsecode":200},{"latitude":"12.916479999999998","longitude":"77.62010000000002","responsecode":200},{"latitude":"12.916509999999999","longitude":"77.62024000000002","responsecode":200},{"latitude":"12.916559999999999","longitude":"77.62050000000002","responsecode":200},{"latitude":"12.916629999999998","longitude":"77.62074000000003","responsecode":200},{"latitude":"12.916729999999998","longitude":"77.62105000000003","responsecode":200},{"latitude":"12.916819999999998","longitude":"77.62129000000003","responsecode":200},{"latitude":"12.916879999999997","longitude":"77.62144000000004","responsecode":200},{"latitude":"12.916929999999997","longitude":"77.62157000000003","responsecode":200},{"latitude":"12.916969999999997","longitude":"77.62169000000003","responsecode":200},{"latitude":"12.917019999999997","longitude":"77.62185000000002","responsecode":200},{"latitude":"12.917069999999997","longitude":"77.62201000000002","responsecode":200},{"latitude":"12.917119999999997","longitude":"77.62214000000002","responsecode":200},{"latitude":"12.917189999999996","longitude":"77.62231000000001","responsecode":200},{"latitude":"12.91719","longitude":"77.62231","responsecode":200},{"latitude":"12.91719","longitude":"77.62231","responsecode":200},{"latitude":"12.91728","longitude":"77.62257","responsecode":200},{"latitude":"12.9173","longitude":"77.62265","responsecode":200},{"latitude":"12.917349999999999","longitude":"77.6228","responsecode":200},{"latitude":"12.91738","longitude":"77.62292","responsecode":200},{"latitude":"12.9173","longitude":"77.62297","responsecode":200},{"latitude":"12.917159999999999","longitude":"77.62306","responsecode":200},{"latitude":"12.917019999999999","longitude":"77.62315","responsecode":200},{"latitude":"12.91678","longitude":"77.62329","responsecode":200},{"latitude":"12.916559999999999","longitude":"77.62342","responsecode":200},{"latitude":"12.91528","longitude":"77.62411999999999","responsecode":200},{"latitude":"12.914909999999999","longitude":"77.62431","responsecode":200},{"latitude":"12.914769999999999","longitude":"77.62437999999999","responsecode":200},{"latitude":"12.91462","longitude":"77.62445999999998","responsecode":200},{"latitude":"12.914349999999999","longitude":"77.62461999999998","responsecode":200},{"latitude":"12.9142","longitude":"77.62470999999998","responsecode":200},{"latitude":"12.913609999999998","longitude":"77.62506999999998","responsecode":200},{"latitude":"12.913159999999998","longitude":"77.62534999999998","responsecode":200},{"latitude":"12.912889999999997","longitude":"77.62551999999998","responsecode":200},{"latitude":"12.912649999999998","longitude":"77.62566999999999","responsecode":200},{"latitude":"12.912489999999998","longitude":"77.62576999999999","responsecode":200},{"latitude":"12.912339999999999","longitude":"77.62588","responsecode":200},{"latitude":"12.911999999999999","longitude":"77.62613999999999","responsecode":200},{"latitude":"12.912","longitude":"77.62614","responsecode":200},{"latitude":"12.912","longitude":"77.62614","responsecode":200},{"latitude":"12.911940000000001","longitude":"77.62618","responsecode":200},{"latitude":"12.911880000000002","longitude":"77.62621","responsecode":200},{"latitude":"12.911690000000002","longitude":"77.6263","responsecode":200},{"latitude":"12.911440000000002","longitude":"77.62643","responsecode":200},{"latitude":"12.911010000000003","longitude":"77.62668","responsecode":200},{"latitude":"12.910760000000003","longitude":"77.62682","responsecode":200},{"latitude":"12.910330000000004","longitude":"77.62706999999999","responsecode":200},{"latitude":"12.909540000000003","longitude":"77.62760999999999","responsecode":200},{"latitude":"12.908990000000003","longitude":"77.62795999999999","responsecode":200},{"latitude":"12.908870000000002","longitude":"77.62802999999998","responsecode":200},{"latitude":"12.908560000000001","longitude":"77.62821999999998","responsecode":200},{"latitude":"12.908070000000002","longitude":"77.62851999999998","responsecode":200},{"latitude":"12.907670000000001","longitude":"77.62875999999999","responsecode":200},{"latitude":"12.90731","longitude":"77.62897999999998","responsecode":200},{"latitude":"12.907160000000001","longitude":"77.62906999999998","responsecode":200},{"latitude":"12.90708","longitude":"77.62911999999999","responsecode":200},{"latitude":"12.90695","longitude":"77.62919999999998","responsecode":200},{"latitude":"12.9067","longitude":"77.62933999999998","responsecode":200},{"latitude":"12.90658","longitude":"77.62940999999998","responsecode":200},{"latitude":"12.90636","longitude":"77.62954999999998","responsecode":200},{"latitude":"12.9063","longitude":"77.62958999999998","responsecode":200},{"latitude":"12.90606","longitude":"77.62972999999998","responsecode":200},{"latitude":"12.90588","longitude":"77.62984999999998","responsecode":200},{"latitude":"12.90571","longitude":"77.62997999999997","responsecode":200},{"latitude":"12.905655999999999","longitude":"77.63001899999998","responsecode":200},{"latitude":"12.905656","longitude":"77.630019","responsecode":200},{"latitude":"12.90557","longitude":"77.63008","responsecode":200},{"latitude":"12.90544","longitude":"77.63017","responsecode":200},{"latitude":"12.90529","longitude":"77.63026","responsecode":200},{"latitude":"12.90511","longitude":"77.63035","responsecode":200},{"latitude":"12.90483","longitude":"77.63050000000001","responsecode":200},{"latitude":"12.904670000000001","longitude":"77.63059000000001","responsecode":200},{"latitude":"12.90455","longitude":"77.63066","responsecode":200},{"latitude":"12.90441","longitude":"77.63074","responsecode":200},{"latitude":"12.90363","longitude":"77.6312","responsecode":200},{"latitude":"12.90275","longitude":"77.63174000000001","responsecode":200},{"latitude":"12.902059999999999","longitude":"77.63219000000001","responsecode":200},{"latitude":"12.901959999999999","longitude":"77.63226","responsecode":200},{"latitude":"12.90185","longitude":"77.63233","responsecode":200},{"latitude":"12.90115","longitude":"77.63279","responsecode":200},{"latitude":"12.90099","longitude":"77.63289","responsecode":200},{"latitude":"12.900360000000001","longitude":"77.63327000000001","responsecode":200},{"latitude":"12.900030000000001","longitude":"77.63347000000002","responsecode":200},{"latitude":"12.899780000000002","longitude":"77.63362000000002","responsecode":200},{"latitude":"12.899370000000001","longitude":"77.63386000000003","responsecode":200},{"latitude":"12.899090000000001","longitude":"77.63404000000003","responsecode":200},{"latitude":"12.898800000000001","longitude":"77.63423000000003","responsecode":200},{"latitude":"12.898420000000002","longitude":"77.63447000000004","responsecode":200},{"latitude":"12.898200000000001","longitude":"77.63460000000003","responsecode":200},{"latitude":"12.8977","longitude":"77.63491000000003","responsecode":200},{"latitude":"12.896930000000001","longitude":"77.63536000000003","responsecode":200},{"latitude":"12.896770000000002","longitude":"77.63546000000004","responsecode":200},{"latitude":"12.896389000000001","longitude":"77.63569500000004","responsecode":200},{"latitude":"12.896389","longitude":"77.635695","responsecode":200},{"latitude":"12.895779999999998","longitude":"77.63607","responsecode":200},{"latitude":"12.8951","longitude":"77.63649000000001","responsecode":200},{"latitude":"12.89475","longitude":"77.6367","responsecode":200},{"latitude":"12.894400000000001","longitude":"77.63690000000001","responsecode":200},{"latitude":"12.892510000000001","longitude":"77.63804000000002","responsecode":200},{"latitude":"12.892430000000001","longitude":"77.63809000000002","responsecode":200},{"latitude":"12.892240000000001","longitude":"77.63821000000002","responsecode":200},{"latitude":"12.891900000000001","longitude":"77.63842000000001","responsecode":200},{"latitude":"12.89173","longitude":"77.63853000000002","responsecode":200},{"latitude":"12.89164","longitude":"77.63859000000002","responsecode":200},{"latitude":"12.891010000000001","longitude":"77.63896000000003","responsecode":200},{"latitude":"12.89084","longitude":"77.63906000000003","responsecode":200},{"latitude":"12.89076","longitude":"77.63911000000003","responsecode":200},{"latitude":"12.89049","longitude":"77.63927000000002","responsecode":200},{"latitude":"12.890369999999999","longitude":"77.63935000000002","responsecode":200},{"latitude":"12.890189999999999","longitude":"77.63948000000002","responsecode":200},{"latitude":"12.890089999999999","longitude":"77.63956000000002","responsecode":200},{"latitude":"12.88989","longitude":"77.63970000000002","responsecode":200},{"latitude":"12.88989","longitude":"77.6397","responsecode":200},{"latitude":"12.88989","longitude":"77.6397","responsecode":200},{"latitude":"12.8897","longitude":"77.63982","responsecode":200},{"latitude":"12.88946","longitude":"77.63997","responsecode":200},{"latitude":"12.88937","longitude":"77.64003000000001","responsecode":200},{"latitude":"12.88931","longitude":"77.64007000000001","responsecode":200},{"latitude":"12.88925","longitude":"77.64011","responsecode":200},{"latitude":"12.88915","longitude":"77.64017000000001","responsecode":200},{"latitude":"12.88903","longitude":"77.64024","responsecode":200},{"latitude":"12.88858","longitude":"77.64051","responsecode":200},{"latitude":"12.88755","longitude":"77.64113","responsecode":200},{"latitude":"12.88745","longitude":"77.64119000000001","responsecode":200},{"latitude":"12.88734","longitude":"77.64126","responsecode":200},{"latitude":"12.88707","longitude":"77.64142","responsecode":200},{"latitude":"12.88565","longitude":"77.64228","responsecode":200},{"latitude":"12.88538","longitude":"77.64244","responsecode":200},{"latitude":"12.8847","longitude":"77.64286","responsecode":200},{"latitude":"12.88433","longitude":"77.64308","responsecode":200},{"latitude":"12.88386","longitude":"77.64337","responsecode":200},{"latitude":"12.8834","longitude":"77.64367","responsecode":200},{"latitude":"12.88325","longitude":"77.64377","responsecode":200},{"latitude":"12.88286","longitude":"77.64402","responsecode":200},{"latitude":"12.88231","longitude":"77.64435","responsecode":200},{"latitude":"12.882100000000001","longitude":"77.64448","responsecode":200},{"latitude":"12.88141","longitude":"77.64491","responsecode":200},{"latitude":"12.88123","longitude":"77.64502","responsecode":200},{"latitude":"12.88095","longitude":"77.64519","responsecode":200},{"latitude":"12.88072","longitude":"77.64532","responsecode":200},{"latitude":"12.88033","longitude":"77.64555","responsecode":200},{"latitude":"12.88007","longitude":"77.64571","responsecode":200},{"latitude":"12.87992","longitude":"77.6458","responsecode":200},{"latitude":"12.87964","longitude":"77.64598","responsecode":200},{"latitude":"12.87936","longitude":"77.64617","responsecode":200},{"latitude":"12.87897","longitude":"77.64645","responsecode":200},{"latitude":"12.87889","longitude":"77.64651","responsecode":200},{"latitude":"12.87886","longitude":"77.64653000000001","responsecode":200},{"latitude":"12.87886","longitude":"77.64653","responsecode":200},{"latitude":"12.8788","longitude":"77.64657","responsecode":200},{"latitude":"12.878730000000001","longitude":"77.64661","responsecode":200},{"latitude":"12.87864","longitude":"77.64665","responsecode":200},{"latitude":"12.878530000000001","longitude":"77.64668999999999","responsecode":200},{"latitude":"12.878430000000002","longitude":"77.64672999999999","responsecode":200},{"latitude":"12.878340000000001","longitude":"77.64677999999999","responsecode":200},{"latitude":"12.878240000000002","longitude":"77.64684","responsecode":200},{"latitude":"12.878090000000002","longitude":"77.64693","responsecode":200},{"latitude":"12.877880000000003","longitude":"77.64706","responsecode":200},{"latitude":"12.877740000000003","longitude":"77.64714","responsecode":200},{"latitude":"12.877550000000003","longitude":"77.64725999999999","responsecode":200},{"latitude":"12.877280000000003","longitude":"77.64743999999999","responsecode":200},{"latitude":"12.877010000000002","longitude":"77.64762999999999","responsecode":200},{"latitude":"12.876630000000002","longitude":"77.64792999999999","responsecode":200},{"latitude":"12.876290000000003","longitude":"77.64820999999999","responsecode":200},{"latitude":"12.875920000000002","longitude":"77.64850999999999","responsecode":200},{"latitude":"12.875590000000003","longitude":"77.64878999999999","responsecode":200},{"latitude":"12.875310000000002","longitude":"77.64905999999999","responsecode":200},{"latitude":"12.875040000000002","longitude":"77.64931999999999","responsecode":200},{"latitude":"12.874830000000003","longitude":"77.64954999999999","responsecode":200},{"latitude":"12.874340000000004","longitude":"77.65002","responsecode":200},{"latitude":"12.874220000000003","longitude":"77.65012","responsecode":200},{"latitude":"12.874070000000003","longitude":"77.65024","responsecode":200},{"latitude":"12.873660000000003","longitude":"77.65057999999999","responsecode":200},{"latitude":"12.873020000000002","longitude":"77.65109999999999","responsecode":200},{"latitude":"12.872880000000002","longitude":"77.65121999999998","responsecode":200},{"latitude":"12.872780000000002","longitude":"77.65129999999998","responsecode":200},{"latitude":"12.872610000000002","longitude":"77.65142999999998","responsecode":200},{"latitude":"12.872270000000002","longitude":"77.65168999999997","responsecode":200},{"latitude":"12.872060000000003","longitude":"77.65184999999997","responsecode":200},{"latitude":"12.871900000000004","longitude":"77.65197999999997","responsecode":200},{"latitude":"12.871380000000004","longitude":"77.65238999999997","responsecode":200},{"latitude":"12.871250000000003","longitude":"77.65249999999997","responsecode":200},{"latitude":"12.871140000000004","longitude":"77.65259999999998","responsecode":200},{"latitude":"12.871050000000004","longitude":"77.65267999999998","responsecode":200},{"latitude":"12.870980000000005","longitude":"77.65275999999997","responsecode":200},{"latitude":"12.870900000000004","longitude":"77.65284999999997","responsecode":200},{"latitude":"12.870810000000004","longitude":"77.65293999999997","responsecode":200},{"latitude":"12.870736000000004","longitude":"77.65300299999997","responsecode":200},{"latitude":"12.870736","longitude":"77.653003","responsecode":200},{"latitude":"12.87066","longitude":"77.65305","responsecode":200},{"latitude":"12.87054","longitude":"77.65311","responsecode":200},{"latitude":"12.87046","longitude":"77.65316","responsecode":200},{"latitude":"12.87036","longitude":"77.65323","responsecode":200},{"latitude":"12.8702","longitude":"77.65335999999999","responsecode":200},{"latitude":"12.87007","longitude":"77.65346","responsecode":200},{"latitude":"12.86999","longitude":"77.65352","responsecode":200},{"latitude":"12.8699","longitude":"77.65359","responsecode":200},{"latitude":"12.869629999999999","longitude":"77.65379999999999","responsecode":200},{"latitude":"12.86942","longitude":"77.65396999999999","responsecode":200},{"latitude":"12.86923","longitude":"77.65413999999998","responsecode":200},{"latitude":"12.86908","longitude":"77.65425999999998","responsecode":200},{"latitude":"12.86898","longitude":"77.65433999999998","responsecode":200},{"latitude":"12.868540000000001","longitude":"77.65467999999997","responsecode":200},{"latitude":"12.86748","longitude":"77.65550999999996","responsecode":200},{"latitude":"12.8672","longitude":"77.65574999999997","responsecode":200},{"latitude":"12.86698","longitude":"77.65591999999997","responsecode":200},{"latitude":"12.86683","longitude":"77.65602999999997","responsecode":200},{"latitude":"12.86647","longitude":"77.65630999999998","responsecode":200},{"latitude":"12.866209999999999","longitude":"77.65650999999998","responsecode":200},{"latitude":"12.865839999999999","longitude":"77.65678999999999","responsecode":200},{"latitude":"12.865639999999999","longitude":"77.65694999999998","responsecode":200},{"latitude":"12.865239999999998","longitude":"77.65726999999998","responsecode":200},{"latitude":"12.863739999999998","longitude":"77.65848999999999","responsecode":200},{"latitude":"12.863379999999998","longitude":"77.65878999999998","responsecode":200},{"latitude":"12.862969999999997","longitude":"77.65910999999998","responsecode":200},{"latitude":"12.862529999999998","longitude":"77.65942999999999","responsecode":200},{"latitude":"12.862119999999997","longitude":"77.65976999999998","responsecode":200},{"latitude":"12.861719999999996","longitude":"77.66007999999998","responsecode":200},{"latitude":"12.861569999999997","longitude":"77.66019999999997","responsecode":200},{"latitude":"12.861399999999996","longitude":"77.66033999999998","responsecode":200},{"latitude":"12.861219999999996","longitude":"77.66047999999998","responsecode":200},{"latitude":"12.861109999999996","longitude":"77.66056999999998","responsecode":200},{"latitude":"12.860989999999996","longitude":"77.66065999999998","responsecode":200},{"latitude":"12.860519999999996","longitude":"77.66104999999997","responsecode":200},{"latitude":"12.860069999999995","longitude":"77.66140999999998","responsecode":200},{"latitude":"12.859529999999994","longitude":"77.66186999999998","responsecode":200},{"latitude":"12.859219999999993","longitude":"77.66210999999998","responsecode":200},{"latitude":"12.858789999999994","longitude":"77.66243999999999","responsecode":200},{"latitude":"12.85879","longitude":"77.66244","responsecode":200},{"latitude":"12.85879","longitude":"77.66244","responsecode":200},{"latitude":"12.85866","longitude":"77.66254","responsecode":200},{"latitude":"12.85844","longitude":"77.66271","responsecode":200},{"latitude":"12.8582","longitude":"77.66289","responsecode":200},{"latitude":"12.85811","longitude":"77.66296","responsecode":200},{"latitude":"12.85801","longitude":"77.66304","responsecode":200},{"latitude":"12.85754","longitude":"77.66342","responsecode":200},{"latitude":"12.85693","longitude":"77.66389000000001","responsecode":200},{"latitude":"12.8568","longitude":"77.66398000000001","responsecode":200},{"latitude":"12.85646","longitude":"77.66423","responsecode":200},{"latitude":"12.85632","longitude":"77.66435","responsecode":200},{"latitude":"12.85622","longitude":"77.66444","responsecode":200},{"latitude":"12.856068","longitude":"77.66457199999999","responsecode":200},{"latitude":"12.856068","longitude":"77.664572","responsecode":200},{"latitude":"12.85584","longitude":"77.66477","responsecode":200},{"latitude":"12.855690000000001","longitude":"77.6649","responsecode":200},{"latitude":"12.85529","longitude":"77.66522","responsecode":200},{"latitude":"12.85492","longitude":"77.66549","responsecode":200},{"latitude":"12.85475","longitude":"77.66563000000001","responsecode":200},{"latitude":"12.854389999999999","longitude":"77.66596000000001","responsecode":200},{"latitude":"12.854269999999998","longitude":"77.66608000000001","responsecode":200},{"latitude":"12.854169999999998","longitude":"77.66617000000001","responsecode":200},{"latitude":"12.854059999999999","longitude":"77.66625","responsecode":200},{"latitude":"12.853869999999999","longitude":"77.66637","responsecode":200},{"latitude":"12.853439999999999","longitude":"77.66668","responsecode":200},{"latitude":"12.85325","longitude":"77.66682","responsecode":200},{"latitude":"12.851299999999998","longitude":"77.66836","responsecode":200},{"latitude":"12.85081","longitude":"77.66876","responsecode":200},{"latitude":"12.85061","longitude":"77.66892","responsecode":200},{"latitude":"12.85017","longitude":"77.66925","responsecode":200},{"latitude":"12.84905","longitude":"77.67017","responsecode":200},{"latitude":"12.84866","longitude":"77.67044","responsecode":200},{"latitude":"12.84861","longitude":"77.67049","responsecode":200},{"latitude":"12.848207","longitude":"77.670828","responsecode":200},{"latitude":"12.848207","longitude":"77.670828","responsecode":200},{"latitude":"12.84793","longitude":"77.67106","responsecode":200},{"latitude":"12.8478","longitude":"77.67117","responsecode":200},{"latitude":"12.847669999999999","longitude":"77.67128000000001","responsecode":200},{"latitude":"12.84743","longitude":"77.67147000000001","responsecode":200},{"latitude":"12.847309999999998","longitude":"77.67157000000002","responsecode":200},{"latitude":"12.84696","longitude":"77.67185000000002","responsecode":200},{"latitude":"12.846839999999998","longitude":"77.67195000000002","responsecode":200},{"latitude":"12.846509999999999","longitude":"77.67224000000003","responsecode":200},{"latitude":"12.846449999999999","longitude":"77.67229000000003","responsecode":200},{"latitude":"12.84624","longitude":"77.67244000000004","responsecode":200},{"latitude":"12.84546","longitude":"77.67297000000003","responsecode":200},{"latitude":"12.844619999999999","longitude":"77.67361000000004","responsecode":200},{"latitude":"12.844209999999999","longitude":"77.67394000000004","responsecode":200},{"latitude":"12.844069999999999","longitude":"77.67405000000005","responsecode":200},{"latitude":"12.844","longitude":"77.67411000000006","responsecode":200},{"latitude":"12.84386","longitude":"77.67423000000005","responsecode":200},{"latitude":"12.84372","longitude":"77.67434000000006","responsecode":200},{"latitude":"12.843359999999999","longitude":"77.67461000000006","responsecode":200},{"latitude":"12.842959999999998","longitude":"77.67494000000006","responsecode":200},{"latitude":"12.842539999999998","longitude":"77.67528000000006","responsecode":200},{"latitude":"12.842349999999998","longitude":"77.67545000000005","responsecode":200},{"latitude":"12.842159999999998","longitude":"77.67561000000005","responsecode":200},{"latitude":"12.841899999999997","longitude":"77.67581000000006","responsecode":200},{"latitude":"12.841749999999998","longitude":"77.67592000000006","responsecode":200},{"latitude":"12.841259999999998","longitude":"77.67628000000006","responsecode":200},{"latitude":"12.841069999999998","longitude":"77.67622000000006","responsecode":200},{"latitude":"12.840599999999998","longitude":"77.67658000000006","responsecode":200},{"latitude":"12.839959999999998","longitude":"77.67708000000006","responsecode":200},{"latitude":"12.83996","longitude":"77.67708","responsecode":200},{"latitude":"12.83996","longitude":"77.67708","responsecode":200},{"latitude":"12.83969","longitude":"77.67729","responsecode":200},{"latitude":"12.83931","longitude":"77.67759","responsecode":200},{"latitude":"12.83868","longitude":"77.67806999999999","responsecode":200},{"latitude":"12.83829","longitude":"77.67833999999999","responsecode":200},{"latitude":"12.83806","longitude":"77.67848","responsecode":200},{"latitude":"12.83783","longitude":"77.67860999999999","responsecode":200},{"latitude":"12.83769","longitude":"77.67867999999999","responsecode":200},{"latitude":"12.83747","longitude":"77.67877999999999","responsecode":200},{"latitude":"12.83715","longitude":"77.67890999999999","responsecode":200},{"latitude":"12.836039999999999","longitude":"77.67933","responsecode":200},{"latitude":"12.836109999999998","longitude":"77.67943","responsecode":200},{"latitude":"12.83611","longitude":"77.67943","responsecode":200},{"latitude":"12.83604","longitude":"77.67933","responsecode":200},{"latitude":"12.83548","longitude":"77.67953999999999","responsecode":200},{"latitude":"12.834900000000001","longitude":"77.67975999999999","responsecode":200},{"latitude":"12.834610000000001","longitude":"77.67987","responsecode":200},{"latitude":"12.834080000000002","longitude":"77.68007","responsecode":200},{"latitude":"12.833190000000002","longitude":"77.68039","responsecode":200},{"latitude":"12.832480000000002","longitude":"77.68061","responsecode":200},{"latitude":"12.830540000000003","longitude":"77.6812","responsecode":200},{"latitude":"12.830290000000003","longitude":"77.68127","responsecode":200},{"latitude":"12.830020000000003","longitude":"77.68136","responsecode":200},{"latitude":"12.828510000000003","longitude":"77.68183","responsecode":200},{"latitude":"12.828400000000004","longitude":"77.68187","responsecode":200},{"latitude":"12.828150000000004","longitude":"77.68196","responsecode":200},{"latitude":"12.827920000000004","longitude":"77.68205","responsecode":200},{"latitude":"12.827710000000005","longitude":"77.68214","responsecode":200},{"latitude":"12.827514000000004","longitude":"77.682226","responsecode":200},{"latitude":"12.827514","longitude":"77.682226","responsecode":200},{"latitude":"12.827300000000001","longitude":"77.68232","responsecode":200},{"latitude":"12.82703","longitude":"77.68245","responsecode":200},{"latitude":"12.82663","longitude":"77.68266","responsecode":200},{"latitude":"12.8262","longitude":"77.6829","responsecode":200},{"latitude":"12.82574","longitude":"77.68317","responsecode":200},{"latitude":"12.82544","longitude":"77.68335","responsecode":200},{"latitude":"12.82518","longitude":"77.68351","responsecode":200},{"latitude":"12.824919999999999","longitude":"77.68369","responsecode":200},{"latitude":"12.82471","longitude":"77.68384999999999","responsecode":200},{"latitude":"12.82447","longitude":"77.68405","responsecode":200},{"latitude":"12.82403","longitude":"77.68441","responsecode":200},{"latitude":"12.82377","longitude":"77.68467","responsecode":200},{"latitude":"12.82333","longitude":"77.68506","responsecode":200},{"latitude":"12.82341","longitude":"77.68513999999999","responsecode":200},{"latitude":"12.823030000000001","longitude":"77.68553999999999","responsecode":200},{"latitude":"12.822970000000002","longitude":"77.68560999999998","responsecode":200},{"latitude":"12.822730000000002","longitude":"77.68588999999999","responsecode":200},{"latitude":"12.822510000000001","longitude":"77.68611999999999","responsecode":200},{"latitude":"12.822170000000002","longitude":"77.68643999999999","responsecode":200},{"latitude":"12.821900000000001","longitude":"77.68668999999998","responsecode":200},{"latitude":"12.821620000000001","longitude":"77.68691999999999","responsecode":200},{"latitude":"12.82116","longitude":"77.68727999999999","responsecode":200},{"latitude":"12.820920000000001","longitude":"77.68746999999999","responsecode":200},{"latitude":"12.82065","longitude":"77.68775","responsecode":200},{"latitude":"12.82048","longitude":"77.68790999999999","responsecode":200},{"latitude":"12.82038","longitude":"77.68800999999999","responsecode":200},{"latitude":"12.82023","longitude":"77.68816999999999","responsecode":200},{"latitude":"12.82009","longitude":"77.68829999999998","responsecode":200},{"latitude":"12.81981","longitude":"77.68858999999999","responsecode":200},{"latitude":"12.81962","longitude":"77.68878","responsecode":200},{"latitude":"12.819270000000001","longitude":"77.68911","responsecode":200},{"latitude":"12.81901","longitude":"77.68933","responsecode":200},{"latitude":"12.818940000000001","longitude":"77.68914","responsecode":200},{"latitude":"12.818870000000002","longitude":"77.68902999999999","responsecode":200},{"latitude":"12.818800000000003","longitude":"77.68893999999999","responsecode":200},{"latitude":"12.818710000000003","longitude":"77.68884999999999","responsecode":200},{"latitude":"12.818567000000003","longitude":"77.68869399999998","responsecode":200},{"latitude":"12.818567","longitude":"77.688694","responsecode":200},{"latitude":"12.81871","longitude":"77.68885","responsecode":200},{"latitude":"12.8188","longitude":"77.68894","responsecode":200},{"latitude":"12.81903","longitude":"77.68874","responsecode":200},{"latitude":"12.82025","longitude":"77.68762","responsecode":200},{"latitude":"12.821","longitude":"77.68688999999999","responsecode":200},{"latitude":"12.81979","longitude":"77.6853","responsecode":200},{"latitude":"12.819469999999999","longitude":"77.68486","responsecode":200},{"latitude":"12.819289999999999","longitude":"77.68463","responsecode":200},{"latitude":"12.819149999999999","longitude":"77.68442999999999","responsecode":200},{"latitude":"12.819059999999999","longitude":"77.68431","responsecode":200},{"latitude":"12.818749999999998","longitude":"77.68379999999999","responsecode":200},{"latitude":"12.818529999999997","longitude":"77.68337999999999","responsecode":200},{"latitude":"12.818439999999997","longitude":"77.68316999999999","responsecode":200},{"latitude":"12.818369999999998","longitude":"77.68298999999999","responsecode":200},{"latitude":"12.818309999999999","longitude":"77.68278","responsecode":200},{"latitude":"12.818259999999999","longitude":"77.68253","responsecode":200},{"latitude":"12.81819","longitude":"77.68216","responsecode":200},{"latitude":"12.81808","longitude":"77.68148","responsecode":200},{"latitude":"12.81805","longitude":"77.6813","responsecode":200},{"latitude":"12.818019999999999","longitude":"77.68113","responsecode":200},{"latitude":"12.81781","longitude":"77.68014","responsecode":200},{"latitude":"12.81761","longitude":"77.67921","responsecode":200},{"latitude":"12.81744","longitude":"77.67844","responsecode":200},{"latitude":"12.81734","longitude":"77.67797999999999","responsecode":200},{"latitude":"12.81706","longitude":"77.67670999999999","responsecode":200},{"latitude":"12.817029999999999","longitude":"77.67664999999998","responsecode":200},{"latitude":"12.81696","longitude":"77.67630999999999","responsecode":200},{"latitude":"12.81696","longitude":"77.67631","responsecode":200},{"latitude":"12.81696","longitude":"77.67631","responsecode":200},{"latitude":"12.81692","longitude":"77.67607","responsecode":200},{"latitude":"12.8169","longitude":"77.67598","responsecode":200},{"latitude":"12.81691","longitude":"77.67591999999999","responsecode":200},{"latitude":"12.81686","longitude":"77.67576","responsecode":200},{"latitude":"12.816790000000001","longitude":"77.67555","responsecode":200},{"latitude":"12.81676","longitude":"77.67547","responsecode":200},{"latitude":"12.81673","longitude":"77.67539000000001","responsecode":200},{"latitude":"12.81667","longitude":"77.67525","responsecode":200},{"latitude":"12.81659","longitude":"77.67507","responsecode":200},{"latitude":"12.81631","longitude":"77.67444","responsecode":200},{"latitude":"12.81621","longitude":"77.67422","responsecode":200},{"latitude":"12.81607","longitude":"77.67385","responsecode":200},{"latitude":"12.81596","longitude":"77.67353","responsecode":200},{"latitude":"12.81577","longitude":"77.67293","responsecode":200},{"latitude":"12.81563","longitude":"77.6724","responsecode":200},{"latitude":"12.81553","longitude":"77.67196","responsecode":200},{"latitude":"12.81549","longitude":"77.67181","responsecode":200},{"latitude":"12.81545","longitude":"77.67169","responsecode":200},{"latitude":"12.815380000000001","longitude":"77.6715","responsecode":200},{"latitude":"12.81526","longitude":"77.6712","responsecode":200},{"latitude":"12.8152","longitude":"77.67114","responsecode":200},{"latitude":"12.815050000000001","longitude":"77.67074","responsecode":200},{"latitude":"12.814910000000001","longitude":"77.6704","responsecode":200},{"latitude":"12.814800000000002","longitude":"77.67016","responsecode":200},{"latitude":"12.8148","longitude":"77.67016","responsecode":200},{"latitude":"12.8148","longitude":"77.67016","responsecode":200},{"latitude":"12.81475","longitude":"77.67003","responsecode":200},{"latitude":"12.81472","longitude":"77.66994","responsecode":200},{"latitude":"12.814639999999999","longitude":"77.66978","responsecode":200},{"latitude":"12.81429","longitude":"77.6691","responsecode":200},{"latitude":"12.81414","longitude":"77.66885","responsecode":200},{"latitude":"12.813930000000001","longitude":"77.66851000000001","responsecode":200},{"latitude":"12.813780000000001","longitude":"77.66828000000001","responsecode":200},{"latitude":"12.813680000000002","longitude":"77.66814000000001","responsecode":200},{"latitude":"12.81323","longitude":"77.66755","responsecode":200},{"latitude":"12.812880000000002","longitude":"77.66711000000001","responsecode":200},{"latitude":"12.812780000000002","longitude":"77.667","responsecode":200},{"latitude":"12.812680000000002","longitude":"77.6669","responsecode":200},{"latitude":"12.812320000000001","longitude":"77.66653","responsecode":200},{"latitude":"12.811810000000001","longitude":"77.66605999999999","responsecode":200},{"latitude":"12.811688000000002","longitude":"77.66595999999998","responsecode":200},{"latitude":"12.811688","longitude":"77.66596","responsecode":200},{"latitude":"12.81142","longitude":"77.66574","responsecode":200},{"latitude":"12.81097","longitude":"77.66538","responsecode":200},{"latitude":"12.81036","longitude":"77.66499","responsecode":200},{"latitude":"12.810189999999999","longitude":"77.66489","responsecode":200},{"latitude":"12.810109999999998","longitude":"77.66484","responsecode":200},{"latitude":"12.809589999999998","longitude":"77.66452","responsecode":200},{"latitude":"12.809239999999999","longitude":"77.66432999999999","responsecode":200},{"latitude":"12.809099999999999","longitude":"77.66426","responsecode":200},{"latitude":"12.809019999999999","longitude":"77.66422","responsecode":200},{"latitude":"12.808879999999998","longitude":"77.66416","responsecode":200},{"latitude":"12.808789999999998","longitude":"77.66412","responsecode":200},{"latitude":"12.808629999999999","longitude":"77.66405999999999","responsecode":200},{"latitude":"12.808169999999999","longitude":"77.66390999999999","responsecode":200},{"latitude":"12.80782","longitude":"77.66381999999999","responsecode":200},{"latitude":"12.80782","longitude":"77.66382","responsecode":200},{"latitude":"12.80782","longitude":"77.66382","responsecode":200},{"latitude":"12.80759","longitude":"77.66376","responsecode":200},{"latitude":"12.80743","longitude":"77.66371","responsecode":200},{"latitude":"12.80723","longitude":"77.66366","responsecode":200},{"latitude":"12.806700000000001","longitude":"77.66349","responsecode":200},{"latitude":"12.80624","longitude":"77.66335","responsecode":200},{"latitude":"12.80588","longitude":"77.66323999999999","responsecode":200},{"latitude":"12.804724","longitude":"77.66289599999999","responsecode":200},{"latitude":"12.804724","longitude":"77.662896","responsecode":200},{"latitude":"12.80457","longitude":"77.66285","responsecode":200},{"latitude":"12.80377","longitude":"77.66260000000001","responsecode":200},{"latitude":"12.80352","longitude":"77.66251000000001","responsecode":200},{"latitude":"12.802950000000001","longitude":"77.66233000000001","responsecode":200},{"latitude":"12.802270000000002","longitude":"77.66216000000001","responsecode":200},{"latitude":"12.80227","longitude":"77.66216","responsecode":200},{"latitude":"12.80227","longitude":"77.66216","responsecode":200},{"latitude":"12.80151","longitude":"77.66196","responsecode":200},{"latitude":"12.80023","longitude":"77.66157999999999","responsecode":200},{"latitude":"12.79931","longitude":"77.66128999999998","responsecode":200},{"latitude":"12.79905","longitude":"77.66119999999998","responsecode":200},{"latitude":"12.79895","longitude":"77.66116999999998","responsecode":200},{"latitude":"12.79886","longitude":"77.66113999999999","responsecode":200},{"latitude":"12.79886","longitude":"77.66114","responsecode":200},{"latitude":"12.79886","longitude":"77.66114","responsecode":200},{"latitude":"12.79814","longitude":"77.66093000000001","responsecode":200},{"latitude":"12.798","longitude":"77.66089000000001","responsecode":200},{"latitude":"12.79748","longitude":"77.66072000000001","responsecode":200},{"latitude":"12.79689","longitude":"77.66050000000001","responsecode":200},{"latitude":"12.796479999999999","longitude":"77.66034000000002","responsecode":200},{"latitude":"12.795729999999999","longitude":"77.66003000000002","responsecode":200},{"latitude":"12.795549999999999","longitude":"77.65996000000003","responsecode":200},{"latitude":"12.795069999999999","longitude":"77.65976000000002","responsecode":200},{"latitude":"12.79483","longitude":"77.65965000000001","responsecode":200},{"latitude":"12.79425","longitude":"77.65936","responsecode":200},{"latitude":"12.79367","longitude":"77.65904","responsecode":200},{"latitude":"12.79287","longitude":"77.65858","responsecode":200},{"latitude":"12.7926","longitude":"77.65843","responsecode":200},{"latitude":"12.79207","longitude":"77.65809999999999","responsecode":200},{"latitude":"12.791630000000001","longitude":"77.65780999999998","responsecode":200},{"latitude":"12.791490000000001","longitude":"77.65771999999998","responsecode":200},{"latitude":"12.791403","longitude":"77.65765599999999","responsecode":200},{"latitude":"12.791403","longitude":"77.657656","responsecode":200},{"latitude":"12.791260000000001","longitude":"77.65755","responsecode":200},{"latitude":"12.79062","longitude":"77.65709","responsecode":200},{"latitude":"12.79017","longitude":"77.65674","responsecode":200},{"latitude":"12.79009","longitude":"77.65668","responsecode":200},{"latitude":"12.78971","longitude":"77.65637","responsecode":200},{"latitude":"12.78923","longitude":"77.65596","responsecode":200},{"latitude":"12.78881","longitude":"77.65557","responsecode":200},{"latitude":"12.78857","longitude":"77.65536","responsecode":200},{"latitude":"12.78845","longitude":"77.65524","responsecode":200},{"latitude":"12.788369999999999","longitude":"77.65515","responsecode":200},{"latitude":"12.788199999999998","longitude":"77.65499000000001","responsecode":200},{"latitude":"12.788089999999999","longitude":"77.65490000000001","responsecode":200},{"latitude":"12.788009999999998","longitude":"77.65482000000002","responsecode":200},{"latitude":"12.787859999999998","longitude":"77.65466000000002","responsecode":200},{"latitude":"12.78742","longitude":"77.65411000000002","responsecode":200},{"latitude":"12.787270999999999","longitude":"77.65392500000002","responsecode":200},{"latitude":"12.787271","longitude":"77.653925","responsecode":200},{"latitude":"12.78717","longitude":"77.6538","responsecode":200},{"latitude":"12.786859999999999","longitude":"77.6534","responsecode":200},{"latitude":"12.78665","longitude":"77.65312","responsecode":200},{"latitude":"12.78641","longitude":"77.65278","responsecode":200},{"latitude":"12.78615","longitude":"77.6524","responsecode":200},{"latitude":"12.78576","longitude":"77.65182","responsecode":200},{"latitude":"12.78554","longitude":"77.6515","responsecode":200},{"latitude":"12.78529","longitude":"77.65109","responsecode":200},{"latitude":"12.78491","longitude":"77.65048999999999","responsecode":200},{"latitude":"12.78479","longitude":"77.65029999999999","responsecode":200},{"latitude":"12.7843","longitude":"77.64947999999998","responsecode":200},{"latitude":"12.78398","longitude":"77.64894999999999","responsecode":200},{"latitude":"12.78368","longitude":"77.64847999999998","responsecode":200},{"latitude":"12.7835","longitude":"77.64818999999997","responsecode":200},{"latitude":"12.78336","longitude":"77.64798999999996","responsecode":200},{"latitude":"12.78326","longitude":"77.64779999999996","responsecode":200},{"latitude":"12.782960000000001","longitude":"77.64730999999996","responsecode":200},{"latitude":"12.78274","longitude":"77.64695999999996","responsecode":200},{"latitude":"12.78266","longitude":"77.64684999999996","responsecode":200},{"latitude":"12.7826","longitude":"77.64676999999996","responsecode":200},{"latitude":"12.782540000000001","longitude":"77.64670999999996","responsecode":200},{"latitude":"12.782490000000001","longitude":"77.64665999999995","responsecode":200},{"latitude":"12.782380000000002","longitude":"77.64655999999995","responsecode":200},{"latitude":"12.782240000000002","longitude":"77.64644999999994","responsecode":200},{"latitude":"12.782130000000002","longitude":"77.64636999999995","responsecode":200},{"latitude":"12.781990000000002","longitude":"77.64628999999995","responsecode":200},{"latitude":"12.781620000000002","longitude":"77.64608999999994","responsecode":200},{"latitude":"12.780780000000002","longitude":"77.64567999999994","responsecode":200},{"latitude":"12.780510000000001","longitude":"77.64555999999995","responsecode":200},{"latitude":"12.780190000000001","longitude":"77.64541999999994","responsecode":200},{"latitude":"12.77979","longitude":"77.64519999999995","responsecode":200},{"latitude":"12.77965","longitude":"77.64510999999995","responsecode":200},{"latitude":"12.77957","longitude":"77.64504999999994","responsecode":200},{"latitude":"12.77944","longitude":"77.64489999999994","responsecode":200},{"latitude":"12.77939","longitude":"77.64478999999993","responsecode":200},{"latitude":"12.77933","longitude":"77.64466999999993","responsecode":200},{"latitude":"12.77928","longitude":"77.64452999999993","responsecode":200},{"latitude":"12.77925","longitude":"77.64439999999993","responsecode":200},{"latitude":"12.779219999999999","longitude":"77.64423999999994","responsecode":200},{"latitude":"12.779179999999998","longitude":"77.64406999999994","responsecode":200},{"latitude":"12.77916","longitude":"77.64396999999994","responsecode":200},{"latitude":"12.7791","longitude":"77.64371999999995","responsecode":200},{"latitude":"12.77906","longitude":"77.64350999999995","responsecode":200},{"latitude":"12.779055","longitude":"77.64341899999995","responsecode":200},{"latitude":"12.779055","longitude":"77.643419","responsecode":200},{"latitude":"12.779055","longitude":"77.643419","responsecode":200}],"Message":"Success","Issuccess":true,"exception":null,"RowCount":718,"responsecode":200}