{"data":[{"latitude":"13.166193","longitude":"77.668909","responsecode":200},{"latitude":"13.16633","longitude":"77.66896","responsecode":200},{"latitude":"13.166500000000001","longitude":"77.66902","responsecode":200},{"latitude":"13.166590000000001","longitude":"77.66835","responsecode":200},{"latitude":"13.16661","longitude":"77.66817","responsecode":200},{"latitude":"13.1666","longitude":"77.66809","responsecode":200},{"latitude":"13.16657","longitude":"77.66793000000001","responsecode":200},{"latitude":"13.16653","longitude":"77.66786000000002","responsecode":200},{"latitude":"13.16636","longitude":"77.66769000000002","responsecode":200},{"latitude":"13.166229999999999","longitude":"77.66760000000002","responsecode":200},{"latitude":"13.16617","longitude":"77.66758000000002","responsecode":200},{"latitude":"13.16582","longitude":"77.66756000000001","responsecode":200},{"latitude":"13.16588","longitude":"77.66748000000001","responsecode":200},{"latitude":"13.165899999999999","longitude":"77.66735000000001","responsecode":200},{"latitude":"13.165899999999999","longitude":"77.66694000000001","responsecode":200},{"latitude":"13.165969999999998","longitude":"77.66656","responsecode":200},{"latitude":"13.166029999999997","longitude":"77.66612","responsecode":200},{"latitude":"13.166079999999997","longitude":"77.66574","responsecode":200},{"latitude":"13.166269999999997","longitude":"77.66426","responsecode":200},{"latitude":"13.166319999999997","longitude":"77.66391","responsecode":200},{"latitude":"13.166359999999997","longitude":"77.66355","responsecode":200},{"latitude":"13.166429999999997","longitude":"77.66285","responsecode":200},{"latitude":"13.166459999999997","longitude":"77.66258","responsecode":200},{"latitude":"13.166499999999997","longitude":"77.66227","responsecode":200},{"latitude":"13.166529999999998","longitude":"77.66199","responsecode":200},{"latitude":"13.166759999999998","longitude":"77.66028","responsecode":200},{"latitude":"13.166799999999999","longitude":"77.65997","responsecode":200},{"latitude":"13.166959999999998","longitude":"77.65842","responsecode":200},{"latitude":"13.166979999999997","longitude":"77.65784000000001","responsecode":200},{"latitude":"13.167019999999997","longitude":"77.65773","responsecode":200},{"latitude":"13.167129999999997","longitude":"77.65771","responsecode":200},{"latitude":"13.167399999999997","longitude":"77.65781","responsecode":200},{"latitude":"13.167719999999997","longitude":"77.65787","responsecode":200},{"latitude":"13.167959999999997","longitude":"77.65785","responsecode":200},{"latitude":"13.168099999999997","longitude":"77.65778","responsecode":200},{"latitude":"13.168219999999998","longitude":"77.65767","responsecode":200},{"latitude":"13.168319999999998","longitude":"77.65755999999999","responsecode":200},{"latitude":"13.168429999999997","longitude":"77.65738999999999","responsecode":200},{"latitude":"13.168569999999997","longitude":"77.65732","responsecode":200},{"latitude":"13.168989999999997","longitude":"77.65733","responsecode":200},{"latitude":"13.169169999999998","longitude":"77.65733","responsecode":200},{"latitude":"13.169269999999997","longitude":"77.65731","responsecode":200},{"latitude":"13.169399999999998","longitude":"77.65728","responsecode":200},{"latitude":"13.169449999999998","longitude":"77.65724","responsecode":200},{"latitude":"13.16945","longitude":"77.65724","responsecode":200},{"latitude":"13.16945","longitude":"77.65724","responsecode":200},{"latitude":"13.16943","longitude":"77.65713","responsecode":200},{"latitude":"13.16883","longitude":"77.6563","responsecode":200},{"latitude":"13.168569999999999","longitude":"77.65595","responsecode":200},{"latitude":"13.168169999999998","longitude":"77.65536","responsecode":200},{"latitude":"13.168029999999998","longitude":"77.65509","responsecode":200},{"latitude":"13.167879999999998","longitude":"77.65473","responsecode":200},{"latitude":"13.167699999999998","longitude":"77.65449","responsecode":200},{"latitude":"13.167679999999999","longitude":"77.65446999999999","responsecode":200},{"latitude":"13.16715","longitude":"77.65384999999999","responsecode":200},{"latitude":"13.16673","longitude":"77.65333999999999","responsecode":200},{"latitude":"13.16658","longitude":"77.65316999999999","responsecode":200},{"latitude":"13.166459999999999","longitude":"77.65301","responsecode":200},{"latitude":"13.166089999999999","longitude":"77.65254999999999","responsecode":200},{"latitude":"13.165909999999998","longitude":"77.65232999999999","responsecode":200},{"latitude":"13.165819999999998","longitude":"77.65225","responsecode":200},{"latitude":"13.165709999999999","longitude":"77.65217","responsecode":200},{"latitude":"13.16564","longitude":"77.65176","responsecode":200},{"latitude":"13.165593","longitude":"77.65146299999999","responsecode":200},{"latitude":"13.165593","longitude":"77.651463","responsecode":200},{"latitude":"13.165569999999999","longitude":"77.65132000000001","responsecode":200},{"latitude":"13.16556","longitude":"77.65092000000001","responsecode":200},{"latitude":"13.165379999999999","longitude":"77.65002000000001","responsecode":200},{"latitude":"13.165299999999998","longitude":"77.64974000000001","responsecode":200},{"latitude":"13.16528","longitude":"77.64967000000001","responsecode":200},{"latitude":"13.16523","longitude":"77.64948000000001","responsecode":200},{"latitude":"13.16521","longitude":"77.64942","responsecode":200},{"latitude":"13.16517","longitude":"77.64936","responsecode":200},{"latitude":"13.16511","longitude":"77.6493","responsecode":200},{"latitude":"13.164900000000001","longitude":"77.64913","responsecode":200},{"latitude":"13.16417","longitude":"77.64844","responsecode":200},{"latitude":"13.16369","longitude":"77.64796","responsecode":200},{"latitude":"13.16347","longitude":"77.64773","responsecode":200},{"latitude":"13.16281","longitude":"77.6472","responsecode":200},{"latitude":"13.16272","longitude":"77.64702","responsecode":200},{"latitude":"13.162700000000001","longitude":"77.64695999999999","responsecode":200},{"latitude":"13.16267","longitude":"77.6467","responsecode":200},{"latitude":"13.16268","longitude":"77.64665","responsecode":200},{"latitude":"13.16271","longitude":"77.64648","responsecode":200},{"latitude":"13.16276","longitude":"77.64614","responsecode":200},{"latitude":"13.16277","longitude":"77.64603","responsecode":200},{"latitude":"13.16278","longitude":"77.64591999999999","responsecode":200},{"latitude":"13.16278","longitude":"77.64567999999998","responsecode":200},{"latitude":"13.162749999999999","longitude":"77.64538999999998","responsecode":200},{"latitude":"13.16273","longitude":"77.64500999999997","responsecode":200},{"latitude":"13.162749999999999","longitude":"77.64475999999998","responsecode":200},{"latitude":"13.162819999999998","longitude":"77.64449999999998","responsecode":200},{"latitude":"13.163009999999998","longitude":"77.64410999999998","responsecode":200},{"latitude":"13.163209999999998","longitude":"77.64377999999998","responsecode":200},{"latitude":"13.163289999999998","longitude":"77.64349999999997","responsecode":200},{"latitude":"13.163349999999998","longitude":"77.64319999999998","responsecode":200},{"latitude":"13.163339999999998","longitude":"77.64303999999998","responsecode":200},{"latitude":"13.163329999999998","longitude":"77.64294999999998","responsecode":200},{"latitude":"13.16326","longitude":"77.64277999999999","responsecode":200},{"latitude":"13.16315","longitude":"77.64262","responsecode":200},{"latitude":"13.16303","longitude":"77.64251999999999","responsecode":200},{"latitude":"13.16288","longitude":"77.64245","responsecode":200},{"latitude":"13.16237","longitude":"77.64241","responsecode":200},{"latitude":"13.161639999999998","longitude":"77.64235","responsecode":200},{"latitude":"13.161670999999998","longitude":"77.642246","responsecode":200},{"latitude":"13.161671","longitude":"77.642246","responsecode":200},{"latitude":"13.16188","longitude":"77.64153","responsecode":200},{"latitude":"13.1621","longitude":"77.64088000000001","responsecode":200},{"latitude":"13.16211","longitude":"77.64082","responsecode":200},{"latitude":"13.1621","longitude":"77.64074000000001","responsecode":200},{"latitude":"13.16207","longitude":"77.64069","responsecode":200},{"latitude":"13.16202","longitude":"77.64066000000001","responsecode":200},{"latitude":"13.161950000000001","longitude":"77.64065000000001","responsecode":200},{"latitude":"13.16186","longitude":"77.64064","responsecode":200},{"latitude":"13.16155","longitude":"77.64065000000001","responsecode":200},{"latitude":"13.16069","longitude":"77.64072","responsecode":200},{"latitude":"13.16031","longitude":"77.64074000000001","responsecode":200},{"latitude":"13.160011","longitude":"77.640754","responsecode":200},{"latitude":"13.160011","longitude":"77.640754","responsecode":200},{"latitude":"13.15966","longitude":"77.64077","responsecode":200},{"latitude":"13.159590000000001","longitude":"77.64075","responsecode":200},{"latitude":"13.159540000000002","longitude":"77.64068999999999","responsecode":200},{"latitude":"13.159530000000002","longitude":"77.64059999999999","responsecode":200},{"latitude":"13.159690000000001","longitude":"77.64012999999998","responsecode":200},{"latitude":"13.159960000000002","longitude":"77.63940999999998","responsecode":200},{"latitude":"13.160010000000002","longitude":"77.63924999999999","responsecode":200},{"latitude":"13.16008","longitude":"77.63905999999999","responsecode":200},{"latitude":"13.16028","longitude":"77.63852999999999","responsecode":200},{"latitude":"13.16042","longitude":"77.63806999999998","responsecode":200},{"latitude":"13.16045","longitude":"77.63796999999998","responsecode":200},{"latitude":"13.16047","longitude":"77.63782999999998","responsecode":200},{"latitude":"13.16048","longitude":"77.63763999999998","responsecode":200},{"latitude":"13.16047","longitude":"77.63744999999997","responsecode":200},{"latitude":"13.16045","longitude":"77.63717999999997","responsecode":200},{"latitude":"13.160440000000001","longitude":"77.63701999999998","responsecode":200},{"latitude":"13.160390000000001","longitude":"77.63653999999998","responsecode":200},{"latitude":"13.160370000000002","longitude":"77.63636999999999","responsecode":200},{"latitude":"13.16037","longitude":"77.63637","responsecode":200},{"latitude":"13.16037","longitude":"77.63637","responsecode":200},{"latitude":"13.160350000000001","longitude":"77.63618","responsecode":200},{"latitude":"13.16032","longitude":"77.63593999999999","responsecode":200},{"latitude":"13.16029","longitude":"77.63571999999999","responsecode":200},{"latitude":"13.16027","longitude":"77.63556999999999","responsecode":200},{"latitude":"13.160250000000001","longitude":"77.63542999999999","responsecode":200},{"latitude":"13.160240000000002","longitude":"77.63533999999999","responsecode":200},{"latitude":"13.160210000000001","longitude":"77.63514999999998","responsecode":200},{"latitude":"13.16017","longitude":"77.63475999999999","responsecode":200},{"latitude":"13.16014","longitude":"77.63446999999998","responsecode":200},{"latitude":"13.16013","longitude":"77.63424999999998","responsecode":200},{"latitude":"13.16017","longitude":"77.63376999999998","responsecode":200},{"latitude":"13.160250000000001","longitude":"77.63296999999999","responsecode":200},{"latitude":"13.160280000000002","longitude":"77.63259999999998","responsecode":200},{"latitude":"13.160310000000003","longitude":"77.63211999999999","responsecode":200},{"latitude":"13.160310000000003","longitude":"77.63177999999999","responsecode":200},{"latitude":"13.160310000000003","longitude":"77.63166","responsecode":200},{"latitude":"13.160290000000003","longitude":"77.63152","responsecode":200},{"latitude":"13.160250000000003","longitude":"77.63136","responsecode":200},{"latitude":"13.160220000000002","longitude":"77.63125","responsecode":200},{"latitude":"13.160070000000003","longitude":"77.63082","responsecode":200},{"latitude":"13.159930000000003","longitude":"77.63049","responsecode":200},{"latitude":"13.159820000000003","longitude":"77.63016999999999","responsecode":200},{"latitude":"13.159800000000004","longitude":"77.62996999999999","responsecode":200},{"latitude":"13.159810000000004","longitude":"77.62982999999998","responsecode":200},{"latitude":"13.159840000000004","longitude":"77.62968999999998","responsecode":200},{"latitude":"13.159920000000005","longitude":"77.62940999999998","responsecode":200},{"latitude":"13.160090000000006","longitude":"77.62905999999998","responsecode":200},{"latitude":"13.160240000000005","longitude":"77.62874999999998","responsecode":200},{"latitude":"13.160460000000006","longitude":"77.62832999999998","responsecode":200},{"latitude":"13.160540000000006","longitude":"77.62815999999998","responsecode":200},{"latitude":"13.160640000000006","longitude":"77.62792999999998","responsecode":200},{"latitude":"13.160900000000007","longitude":"77.62740999999998","responsecode":200},{"latitude":"13.160980000000007","longitude":"77.62725999999998","responsecode":200},{"latitude":"13.161120000000007","longitude":"77.62697999999997","responsecode":200},{"latitude":"13.161010000000008","longitude":"77.62690999999998","responsecode":200},{"latitude":"13.160999000000007","longitude":"77.62690199999999","responsecode":200},{"latitude":"13.160999","longitude":"77.626902","responsecode":200},{"latitude":"13.15994","longitude":"77.62618","responsecode":200},{"latitude":"13.15966","longitude":"77.62597000000001","responsecode":200},{"latitude":"13.159370000000001","longitude":"77.62575000000001","responsecode":200},{"latitude":"13.15924","longitude":"77.62565000000001","responsecode":200},{"latitude":"13.15911","longitude":"77.62555","responsecode":200},{"latitude":"13.15865","longitude":"77.62519","responsecode":200},{"latitude":"13.15838","longitude":"77.62497","responsecode":200},{"latitude":"13.1581","longitude":"77.62475","responsecode":200},{"latitude":"13.15763","longitude":"77.62440000000001","responsecode":200},{"latitude":"13.15738","longitude":"77.62422000000001","responsecode":200},{"latitude":"13.15722","longitude":"77.62410000000001","responsecode":200},{"latitude":"13.15699","longitude":"77.62393000000002","responsecode":200},{"latitude":"13.15684","longitude":"77.62381000000002","responsecode":200},{"latitude":"13.156556","longitude":"77.62358400000002","responsecode":200},{"latitude":"13.156556","longitude":"77.623584","responsecode":200},{"latitude":"13.1564","longitude":"77.62346","responsecode":200},{"latitude":"13.1562","longitude":"77.62330999999999","responsecode":200},{"latitude":"13.15568","longitude":"77.62293999999999","responsecode":200},{"latitude":"13.15515","longitude":"77.62257999999999","responsecode":200},{"latitude":"13.154110000000001","longitude":"77.62187999999999","responsecode":200},{"latitude":"13.15399","longitude":"77.62178999999999","responsecode":200},{"latitude":"13.153780000000001","longitude":"77.62164999999999","responsecode":200},{"latitude":"13.153310000000001","longitude":"77.62134999999999","responsecode":200},{"latitude":"13.152960000000002","longitude":"77.62116999999999","responsecode":200},{"latitude":"13.152810000000002","longitude":"77.62109","responsecode":200},{"latitude":"13.152590000000002","longitude":"77.62097","responsecode":200},{"latitude":"13.152470000000001","longitude":"77.62091","responsecode":200},{"latitude":"13.15234","longitude":"77.62084","responsecode":200},{"latitude":"13.152040000000001","longitude":"77.62068000000001","responsecode":200},{"latitude":"13.15191","longitude":"77.62062","responsecode":200},{"latitude":"13.15191","longitude":"77.62062","responsecode":200},{"latitude":"13.15191","longitude":"77.62062","responsecode":200},{"latitude":"13.151660000000001","longitude":"77.62049","responsecode":200},{"latitude":"13.1514","longitude":"77.62035","responsecode":200},{"latitude":"13.15112","longitude":"77.6202","responsecode":200},{"latitude":"13.15069","longitude":"77.61998","responsecode":200},{"latitude":"13.15052","longitude":"77.61989","responsecode":200},{"latitude":"13.14974","longitude":"77.61948","responsecode":200},{"latitude":"13.149469999999999","longitude":"77.61934","responsecode":200},{"latitude":"13.148409999999998","longitude":"77.61878999999999","responsecode":200},{"latitude":"13.148039999999998","longitude":"77.61858999999998","responsecode":200},{"latitude":"13.147539999999998","longitude":"77.61834999999998","responsecode":200},{"latitude":"13.147199999999998","longitude":"77.61822999999998","responsecode":200},{"latitude":"13.146869999999998","longitude":"77.61812999999998","responsecode":200},{"latitude":"13.146459999999998","longitude":"77.61804999999998","responsecode":200},{"latitude":"13.146079999999998","longitude":"77.61800999999998","responsecode":200},{"latitude":"13.145639999999998","longitude":"77.61794999999998","responsecode":200},{"latitude":"13.145409999999998","longitude":"77.61791999999998","responsecode":200},{"latitude":"13.144599999999999","longitude":"77.61782999999998","responsecode":200},{"latitude":"13.144429999999998","longitude":"77.61779999999999","responsecode":200},{"latitude":"13.144289999999998","longitude":"77.61777999999998","responsecode":200},{"latitude":"13.14429","longitude":"77.61778","responsecode":200},{"latitude":"13.14429","longitude":"77.61778","responsecode":200},{"latitude":"13.143979999999999","longitude":"77.61775","responsecode":200},{"latitude":"13.143579999999998","longitude":"77.61773","responsecode":200},{"latitude":"13.143239999999999","longitude":"77.6177","responsecode":200},{"latitude":"13.142969999999998","longitude":"77.61769","responsecode":200},{"latitude":"13.142509999999998","longitude":"77.6177","responsecode":200},{"latitude":"13.140739999999997","longitude":"77.61774","responsecode":200},{"latitude":"13.140449999999998","longitude":"77.61775","responsecode":200},{"latitude":"13.139859999999997","longitude":"77.61778","responsecode":200},{"latitude":"13.139409999999996","longitude":"77.61777","responsecode":200},{"latitude":"13.139289999999995","longitude":"77.61775999999999","responsecode":200},{"latitude":"13.138939999999996","longitude":"77.61766999999999","responsecode":200},{"latitude":"13.138829999999997","longitude":"77.61762999999999","responsecode":200},{"latitude":"13.138719999999998","longitude":"77.61757999999999","responsecode":200},{"latitude":"13.138539999999997","longitude":"77.61757999999999","responsecode":200},{"latitude":"13.138219999999997","longitude":"77.61758999999999","responsecode":200},{"latitude":"13.138049999999996","longitude":"77.61758999999999","responsecode":200},{"latitude":"13.137559999999997","longitude":"77.6176","responsecode":200},{"latitude":"13.13756","longitude":"77.6176","responsecode":200},{"latitude":"13.13756","longitude":"77.6176","responsecode":200},{"latitude":"13.13742","longitude":"77.6176","responsecode":200},{"latitude":"13.137270000000001","longitude":"77.61761","responsecode":200},{"latitude":"13.136980000000001","longitude":"77.61761","responsecode":200},{"latitude":"13.136840000000001","longitude":"77.6176","responsecode":200},{"latitude":"13.136700000000001","longitude":"77.61758999999999","responsecode":200},{"latitude":"13.13652","longitude":"77.61756","responsecode":200},{"latitude":"13.136410000000001","longitude":"77.61753999999999","responsecode":200},{"latitude":"13.136230000000001","longitude":"77.61749999999999","responsecode":200},{"latitude":"13.136050000000001","longitude":"77.61744999999999","responsecode":200},{"latitude":"13.135840000000002","longitude":"77.61738","responsecode":200},{"latitude":"13.135610000000002","longitude":"77.61729","responsecode":200},{"latitude":"13.134500000000001","longitude":"77.61684","responsecode":200},{"latitude":"13.134170000000001","longitude":"77.6167","responsecode":200},{"latitude":"13.133500000000002","longitude":"77.6164","responsecode":200},{"latitude":"13.133250000000002","longitude":"77.61628","responsecode":200},{"latitude":"13.132930000000002","longitude":"77.61612000000001","responsecode":200},{"latitude":"13.132560000000002","longitude":"77.61594000000001","responsecode":200},{"latitude":"13.132120000000002","longitude":"77.61572000000001","responsecode":200},{"latitude":"13.131900000000002","longitude":"77.61562","responsecode":200},{"latitude":"13.131610000000002","longitude":"77.61547","responsecode":200},{"latitude":"13.131390000000001","longitude":"77.61537","responsecode":200},{"latitude":"13.131310000000001","longitude":"77.6154","responsecode":200},{"latitude":"13.13122","longitude":"77.61541","responsecode":200},{"latitude":"13.1311","longitude":"77.61538","responsecode":200},{"latitude":"13.13098","longitude":"77.61533","responsecode":200},{"latitude":"13.13098","longitude":"77.61533","responsecode":200},{"latitude":"13.13098","longitude":"77.61533","responsecode":200},{"latitude":"13.12965","longitude":"77.61473","responsecode":200},{"latitude":"13.1281","longitude":"77.61403999999999","responsecode":200},{"latitude":"13.12796","longitude":"77.61397","responsecode":200},{"latitude":"13.12718","longitude":"77.61359999999999","responsecode":200},{"latitude":"13.126209999999999","longitude":"77.61314999999999","responsecode":200},{"latitude":"13.126059999999999","longitude":"77.61308","responsecode":200},{"latitude":"13.125139999999998","longitude":"77.61263","responsecode":200},{"latitude":"13.123549999999998","longitude":"77.61188","responsecode":200},{"latitude":"13.122899999999998","longitude":"77.61158","responsecode":200},{"latitude":"13.122179999999998","longitude":"77.61118","responsecode":200},{"latitude":"13.121999999999998","longitude":"77.61106000000001","responsecode":200},{"latitude":"13.121899999999998","longitude":"77.61101000000001","responsecode":200},{"latitude":"13.121809999999998","longitude":"77.61097000000001","responsecode":200},{"latitude":"13.121421999999999","longitude":"77.61080500000001","responsecode":200},{"latitude":"13.121422","longitude":"77.610805","responsecode":200},{"latitude":"13.12127","longitude":"77.61073999999999","responsecode":200},{"latitude":"13.12054","longitude":"77.61041999999999","responsecode":200},{"latitude":"13.12024","longitude":"77.61027999999999","responsecode":200},{"latitude":"13.1197","longitude":"77.61001999999999","responsecode":200},{"latitude":"13.11904","longitude":"77.60967","responsecode":200},{"latitude":"13.11801","longitude":"77.60911999999999","responsecode":200},{"latitude":"13.11772","longitude":"77.60896999999999","responsecode":200},{"latitude":"13.117560000000001","longitude":"77.60887999999998","responsecode":200},{"latitude":"13.1173","longitude":"77.60873999999998","responsecode":200},{"latitude":"13.11713","longitude":"77.60863999999998","responsecode":200},{"latitude":"13.11704","longitude":"77.60858999999998","responsecode":200},{"latitude":"13.11679","longitude":"77.60843999999997","responsecode":200},{"latitude":"13.11679","longitude":"77.60844","responsecode":200},{"latitude":"13.11679","longitude":"77.60844","responsecode":200},{"latitude":"13.11642","longitude":"77.60821","responsecode":200},{"latitude":"13.11572","longitude":"77.60778","responsecode":200},{"latitude":"13.11544","longitude":"77.6076","responsecode":200},{"latitude":"13.114609999999999","longitude":"77.60709","responsecode":200},{"latitude":"13.114439999999998","longitude":"77.60699","responsecode":200},{"latitude":"13.114189999999999","longitude":"77.60685","responsecode":200},{"latitude":"13.113909999999999","longitude":"77.60667","responsecode":200},{"latitude":"13.113739999999998","longitude":"77.60656999999999","responsecode":200},{"latitude":"13.113139999999998","longitude":"77.60620999999999","responsecode":200},{"latitude":"13.112979999999999","longitude":"77.60610999999999","responsecode":200},{"latitude":"13.112779999999999","longitude":"77.60599999999998","responsecode":200},{"latitude":"13.112559999999998","longitude":"77.60585999999998","responsecode":200},{"latitude":"13.11226","longitude":"77.60567999999998","responsecode":200},{"latitude":"13.11207","longitude":"77.60555999999998","responsecode":200},{"latitude":"13.11187","longitude":"77.60543999999999","responsecode":200},{"latitude":"13.11168","longitude":"77.60531999999999","responsecode":200},{"latitude":"13.111509999999999","longitude":"77.60520999999999","responsecode":200},{"latitude":"13.11135","longitude":"77.60510999999998","responsecode":200},{"latitude":"13.11119","longitude":"77.60499999999998","responsecode":200},{"latitude":"13.111116","longitude":"77.60495299999998","responsecode":200},{"latitude":"13.111116","longitude":"77.604953","responsecode":200},{"latitude":"13.11078","longitude":"77.60473999999999","responsecode":200},{"latitude":"13.11064","longitude":"77.60466","responsecode":200},{"latitude":"13.10801","longitude":"77.60306","responsecode":200},{"latitude":"13.10746","longitude":"77.60275","responsecode":200},{"latitude":"13.10693","longitude":"77.60241","responsecode":200},{"latitude":"13.10647","longitude":"77.60212","responsecode":200},{"latitude":"13.10647","longitude":"77.60212","responsecode":200},{"latitude":"13.10647","longitude":"77.60212","responsecode":200},{"latitude":"13.10587","longitude":"77.60176","responsecode":200},{"latitude":"13.10568","longitude":"77.60164","responsecode":200},{"latitude":"13.10549","longitude":"77.60153","responsecode":200},{"latitude":"13.105319999999999","longitude":"77.60143","responsecode":200},{"latitude":"13.105149999999998","longitude":"77.60134","responsecode":200},{"latitude":"13.104959999999998","longitude":"77.60123999999999","responsecode":200},{"latitude":"13.104839999999998","longitude":"77.60117999999999","responsecode":200},{"latitude":"13.104309999999998","longitude":"77.60093999999998","responsecode":200},{"latitude":"13.104029999999998","longitude":"77.60081999999998","responsecode":200},{"latitude":"13.103992999999997","longitude":"77.60080499999998","responsecode":200},{"latitude":"13.103993","longitude":"77.600805","responsecode":200},{"latitude":"13.10386","longitude":"77.60074999999999","responsecode":200},{"latitude":"13.103739999999998","longitude":"77.60069999999999","responsecode":200},{"latitude":"13.103699999999998","longitude":"77.60067999999998","responsecode":200},{"latitude":"13.103649999999998","longitude":"77.60065999999998","responsecode":200},{"latitude":"13.103519999999998","longitude":"77.60061999999998","responsecode":200},{"latitude":"13.103539999999997","longitude":"77.60044999999998","responsecode":200},{"latitude":"13.103549999999997","longitude":"77.60035999999998","responsecode":200},{"latitude":"13.103569999999996","longitude":"77.60015999999997","responsecode":200},{"latitude":"13.103559999999996","longitude":"77.60012999999998","responsecode":200},{"latitude":"13.103549999999997","longitude":"77.60010999999997","responsecode":200},{"latitude":"13.103519999999996","longitude":"77.60008999999997","responsecode":200},{"latitude":"13.103449999999997","longitude":"77.60004999999997","responsecode":200},{"latitude":"13.103399999999997","longitude":"77.60001999999997","responsecode":200},{"latitude":"13.103059999999997","longitude":"77.59981999999997","responsecode":200},{"latitude":"13.102399999999998","longitude":"77.59940999999996","responsecode":200},{"latitude":"13.102049999999998","longitude":"77.59919999999997","responsecode":200},{"latitude":"13.101669999999999","longitude":"77.59896999999997","responsecode":200},{"latitude":"13.101349999999998","longitude":"77.59876999999996","responsecode":200},{"latitude":"13.101209999999998","longitude":"77.59868999999996","responsecode":200},{"latitude":"13.100959999999999","longitude":"77.59853999999996","responsecode":200},{"latitude":"13.10075","longitude":"77.59840999999996","responsecode":200},{"latitude":"13.1002","longitude":"77.59809999999996","responsecode":200},{"latitude":"13.1001","longitude":"77.59803999999995","responsecode":200},{"latitude":"13.100019999999999","longitude":"77.59798999999995","responsecode":200},{"latitude":"13.099839999999999","longitude":"77.59787999999995","responsecode":200},{"latitude":"13.099669999999998","longitude":"77.59777999999994","responsecode":200},{"latitude":"13.099589999999997","longitude":"77.59772999999994","responsecode":200},{"latitude":"13.099359999999997","longitude":"77.59757999999994","responsecode":200},{"latitude":"13.099199999999998","longitude":"77.59746999999993","responsecode":200},{"latitude":"13.099069999999998","longitude":"77.59736999999993","responsecode":200},{"latitude":"13.099019999999998","longitude":"77.59732999999993","responsecode":200},{"latitude":"13.098919999999998","longitude":"77.59725999999993","responsecode":200},{"latitude":"13.098639999999998","longitude":"77.59706999999993","responsecode":200},{"latitude":"13.098516999999998","longitude":"77.59698399999994","responsecode":200},{"latitude":"13.098517","longitude":"77.596984","responsecode":200},{"latitude":"13.098279999999999","longitude":"77.59682000000001","responsecode":200},{"latitude":"13.09804","longitude":"77.59665000000001","responsecode":200},{"latitude":"13.09789","longitude":"77.59654","responsecode":200},{"latitude":"13.09754","longitude":"77.59628000000001","responsecode":200},{"latitude":"13.097330000000001","longitude":"77.59613","responsecode":200},{"latitude":"13.09716","longitude":"77.59601","responsecode":200},{"latitude":"13.09688","longitude":"77.59579000000001","responsecode":200},{"latitude":"13.09662","longitude":"77.59558000000001","responsecode":200},{"latitude":"13.09646","longitude":"77.59546000000002","responsecode":200},{"latitude":"13.09637","longitude":"77.59539000000002","responsecode":200},{"latitude":"13.09628","longitude":"77.59532000000003","responsecode":200},{"latitude":"13.09595","longitude":"77.59506000000003","responsecode":200},{"latitude":"13.09576","longitude":"77.59492000000003","responsecode":200},{"latitude":"13.09548","longitude":"77.59470000000003","responsecode":200},{"latitude":"13.09534","longitude":"77.59458000000004","responsecode":200},{"latitude":"13.09528","longitude":"77.59451000000004","responsecode":200},{"latitude":"13.09525","longitude":"77.59447000000004","responsecode":200},{"latitude":"13.09523","longitude":"77.59441000000004","responsecode":200},{"latitude":"13.095220000000001","longitude":"77.59433000000004","responsecode":200},{"latitude":"13.09523","longitude":"77.59428000000004","responsecode":200},{"latitude":"13.09524","longitude":"77.59424000000004","responsecode":200},{"latitude":"13.095270000000001","longitude":"77.59418000000004","responsecode":200},{"latitude":"13.095310000000001","longitude":"77.59412000000003","responsecode":200},{"latitude":"13.095390000000002","longitude":"77.59403000000003","responsecode":200},{"latitude":"13.095570000000002","longitude":"77.59385000000003","responsecode":200},{"latitude":"13.095720000000002","longitude":"77.59370000000003","responsecode":200},{"latitude":"13.096360000000002","longitude":"77.59303000000003","responsecode":200},{"latitude":"13.096660000000002","longitude":"77.59272000000003","responsecode":200},{"latitude":"13.096850000000002","longitude":"77.59252000000002","responsecode":200},{"latitude":"13.097070000000002","longitude":"77.59231000000003","responsecode":200},{"latitude":"13.097200000000003","longitude":"77.59218000000003","responsecode":200},{"latitude":"13.097530000000003","longitude":"77.59183000000003","responsecode":200},{"latitude":"13.097640000000002","longitude":"77.59171000000003","responsecode":200},{"latitude":"13.09764","longitude":"77.59171","responsecode":200},{"latitude":"13.09774","longitude":"77.5916","responsecode":200},{"latitude":"13.09883","longitude":"77.59035","responsecode":200},{"latitude":"13.10004","longitude":"77.58891","responsecode":200},{"latitude":"13.100234","longitude":"77.588672","responsecode":200},{"latitude":"13.100234","longitude":"77.588672","responsecode":200},{"latitude":"13.100620000000001","longitude":"77.5882","responsecode":200},{"latitude":"13.10129","longitude":"77.58736","responsecode":200},{"latitude":"13.102","longitude":"77.5865","responsecode":200},{"latitude":"13.10209","longitude":"77.58639","responsecode":200},{"latitude":"13.10215","longitude":"77.58632","responsecode":200},{"latitude":"13.102632999999999","longitude":"77.585692","responsecode":200},{"latitude":"13.102633","longitude":"77.585692","responsecode":200},{"latitude":"13.10288","longitude":"77.58537","responsecode":200},{"latitude":"13.10326","longitude":"77.58491","responsecode":200},{"latitude":"13.103530000000001","longitude":"77.58461","responsecode":200},{"latitude":"13.10388","longitude":"77.58422","responsecode":200},{"latitude":"13.10425","longitude":"77.58382","responsecode":200},{"latitude":"13.10469","longitude":"77.58337","responsecode":200},{"latitude":"13.10503","longitude":"77.58305","responsecode":200},{"latitude":"13.105329999999999","longitude":"77.58277","responsecode":200},{"latitude":"13.105659999999999","longitude":"77.58247999999999","responsecode":200},{"latitude":"13.105728","longitude":"77.58241899999999","responsecode":200},{"latitude":"13.105728","longitude":"77.582419","responsecode":200},{"latitude":"13.10586","longitude":"77.5823","responsecode":200},{"latitude":"13.106209999999999","longitude":"77.58197","responsecode":200},{"latitude":"13.106459999999998","longitude":"77.58176999999999","responsecode":200},{"latitude":"13.106619999999998","longitude":"77.58162999999999","responsecode":200},{"latitude":"13.106869999999997","longitude":"77.58143999999999","responsecode":200},{"latitude":"13.107099999999997","longitude":"77.58126999999999","responsecode":200},{"latitude":"13.107289999999997","longitude":"77.58112999999999","responsecode":200},{"latitude":"13.107519999999997","longitude":"77.58100999999999","responsecode":200},{"latitude":"13.107659999999997","longitude":"77.58094","responsecode":200},{"latitude":"13.107839999999998","longitude":"77.58087","responsecode":200},{"latitude":"13.108079999999998","longitude":"77.58080000000001","responsecode":200},{"latitude":"13.108439999999998","longitude":"77.58069","responsecode":200},{"latitude":"13.108899999999998","longitude":"77.58055","responsecode":200},{"latitude":"13.109399999999999","longitude":"77.58039000000001","responsecode":200},{"latitude":"13.109779999999999","longitude":"77.58027000000001","responsecode":200},{"latitude":"13.110249999999999","longitude":"77.58013000000001","responsecode":200},{"latitude":"13.110269999999998","longitude":"77.58019000000002","responsecode":200},{"latitude":"13.110155999999998","longitude":"77.58022800000002","responsecode":200},{"latitude":"13.110156","longitude":"77.580228","responsecode":200},{"latitude":"13.110156","longitude":"77.580228","responsecode":200}],"Message":"Success","Issuccess":true,"exception":null,"RowCount":456,"responsecode":200}