{"data":[{"latitude":"12.928582","longitude":"77.584084","responsecode":200},{"latitude":"12.92859","longitude":"77.58396","responsecode":200},{"latitude":"12.928609999999999","longitude":"77.58387","responsecode":200},{"latitude":"12.929129999999999","longitude":"77.58387","responsecode":200},{"latitude":"12.92959","longitude":"77.58388000000001","responsecode":200},{"latitude":"12.93043","longitude":"77.58388000000001","responsecode":200},{"latitude":"12.930769999999999","longitude":"77.58388000000001","responsecode":200},{"latitude":"12.9309","longitude":"77.58389000000001","responsecode":200},{"latitude":"12.931569999999999","longitude":"77.58391000000002","responsecode":200},{"latitude":"12.931799999999999","longitude":"77.58392200000002","responsecode":200},{"latitude":"12.9318","longitude":"77.583922","responsecode":200},{"latitude":"12.93213","longitude":"77.58394","responsecode":200},{"latitude":"12.93262","longitude":"77.58393","responsecode":200},{"latitude":"12.93271","longitude":"77.58393","responsecode":200},{"latitude":"12.9328","longitude":"77.58395","responsecode":200},{"latitude":"12.93291","longitude":"77.584","responsecode":200},{"latitude":"12.93297","longitude":"77.584","responsecode":200},{"latitude":"12.93296","longitude":"77.58405","responsecode":200},{"latitude":"12.93295","longitude":"77.58412","responsecode":200},{"latitude":"12.932942","longitude":"77.58439","responsecode":200},{"latitude":"12.932942","longitude":"77.58439","responsecode":200},{"latitude":"12.93294","longitude":"77.58445","responsecode":200},{"latitude":"12.93293","longitude":"77.58489","responsecode":200},{"latitude":"12.93293","longitude":"77.58525","responsecode":200},{"latitude":"12.932920000000001","longitude":"77.58571","responsecode":200},{"latitude":"12.932910000000001","longitude":"77.58588","responsecode":200},{"latitude":"12.932900000000002","longitude":"77.58595","responsecode":200},{"latitude":"12.932880000000003","longitude":"77.58601","responsecode":200},{"latitude":"12.932860000000003","longitude":"77.58605","responsecode":200},{"latitude":"12.932830000000003","longitude":"77.58609","responsecode":200},{"latitude":"12.932780000000003","longitude":"77.58613","responsecode":200},{"latitude":"12.932650000000002","longitude":"77.58614","responsecode":200},{"latitude":"12.932520000000002","longitude":"77.58614","responsecode":200},{"latitude":"12.932320000000002","longitude":"77.58612","responsecode":200},{"latitude":"12.932200000000002","longitude":"77.58609","responsecode":200},{"latitude":"12.931780000000002","longitude":"77.58606999999999","responsecode":200},{"latitude":"12.930960000000002","longitude":"77.58605999999999","responsecode":200},{"latitude":"12.930740000000002","longitude":"77.58605999999999","responsecode":200},{"latitude":"12.930220000000002","longitude":"77.58605999999999","responsecode":200},{"latitude":"12.929840000000002","longitude":"77.58603999999998","responsecode":200},{"latitude":"12.929440000000001","longitude":"77.58603999999998","responsecode":200},{"latitude":"12.929230000000002","longitude":"77.58602999999998","responsecode":200},{"latitude":"12.92923","longitude":"77.58603","responsecode":200},{"latitude":"12.92923","longitude":"77.58603","responsecode":200},{"latitude":"12.92905","longitude":"77.58601999999999","responsecode":200},{"latitude":"12.92895","longitude":"77.58601999999999","responsecode":200},{"latitude":"12.92881","longitude":"77.58601999999999","responsecode":200},{"latitude":"12.92869","longitude":"77.58603","responsecode":200},{"latitude":"12.928609999999999","longitude":"77.58605","responsecode":200},{"latitude":"12.92865","longitude":"77.5862","responsecode":200},{"latitude":"12.92865","longitude":"77.58640000000001","responsecode":200},{"latitude":"12.92864","longitude":"77.58658000000001","responsecode":200},{"latitude":"12.92863","longitude":"77.58701","responsecode":200},{"latitude":"12.92863","longitude":"77.58709","responsecode":200},{"latitude":"12.92862","longitude":"77.58719","responsecode":200},{"latitude":"12.928600000000001","longitude":"77.58728","responsecode":200},{"latitude":"12.928580000000002","longitude":"77.58732","responsecode":200},{"latitude":"12.928550000000001","longitude":"77.58736","responsecode":200},{"latitude":"12.928500000000001","longitude":"77.5874","responsecode":200},{"latitude":"12.928450000000002","longitude":"77.58743","responsecode":200},{"latitude":"12.928200000000002","longitude":"77.58754","responsecode":200},{"latitude":"12.928120000000002","longitude":"77.58758","responsecode":200},{"latitude":"12.928050000000002","longitude":"77.58763","responsecode":200},{"latitude":"12.928000000000003","longitude":"77.58768","responsecode":200},{"latitude":"12.927950000000003","longitude":"77.58776","responsecode":200},{"latitude":"12.927920000000002","longitude":"77.58783","responsecode":200},{"latitude":"12.927890000000001","longitude":"77.58789999999999","responsecode":200},{"latitude":"12.927870000000002","longitude":"77.58801","responsecode":200},{"latitude":"12.927860000000003","longitude":"77.5881","responsecode":200},{"latitude":"12.927850000000003","longitude":"77.58821999999999","responsecode":200},{"latitude":"12.927820000000002","longitude":"77.58870999999999","responsecode":200},{"latitude":"12.927800000000003","longitude":"77.5889","responsecode":200},{"latitude":"12.927780000000004","longitude":"77.589","responsecode":200},{"latitude":"12.927750000000003","longitude":"77.58909","responsecode":200},{"latitude":"12.927720000000003","longitude":"77.58914","responsecode":200},{"latitude":"12.927660000000003","longitude":"77.58921","responsecode":200},{"latitude":"12.927580000000003","longitude":"77.58927999999999","responsecode":200},{"latitude":"12.927370000000003","longitude":"77.58943999999998","responsecode":200},{"latitude":"12.927300000000004","longitude":"77.58949999999999","responsecode":200},{"latitude":"12.927210000000004","longitude":"77.58957999999998","responsecode":200},{"latitude":"12.927150000000005","longitude":"77.58961999999998","responsecode":200},{"latitude":"12.927150000000005","longitude":"77.58977999999998","responsecode":200},{"latitude":"12.927150000000005","longitude":"77.59026999999998","responsecode":200},{"latitude":"12.927140000000005","longitude":"77.59071999999998","responsecode":200},{"latitude":"12.927130000000005","longitude":"77.59114999999997","responsecode":200},{"latitude":"12.927120000000006","longitude":"77.59148999999996","responsecode":200},{"latitude":"12.927110000000006","longitude":"77.59161999999996","responsecode":200},{"latitude":"12.927100000000006","longitude":"77.59177999999996","responsecode":200},{"latitude":"12.927090000000007","longitude":"77.59196999999996","responsecode":200},{"latitude":"12.927080000000007","longitude":"77.59225999999997","responsecode":200},{"latitude":"12.927070000000008","longitude":"77.59271999999997","responsecode":200},{"latitude":"12.927070000000008","longitude":"77.59287999999997","responsecode":200},{"latitude":"12.927060000000008","longitude":"77.59306999999997","responsecode":200},{"latitude":"12.927060000000008","longitude":"77.59308999999998","responsecode":200},{"latitude":"12.92706","longitude":"77.59309","responsecode":200},{"latitude":"12.92706","longitude":"77.59322","responsecode":200},{"latitude":"12.92706","longitude":"77.59353","responsecode":200},{"latitude":"12.92706","longitude":"77.59361","responsecode":200},{"latitude":"12.92703","longitude":"77.59449","responsecode":200},{"latitude":"12.927010000000001","longitude":"77.59509","responsecode":200},{"latitude":"12.927010000000001","longitude":"77.59533","responsecode":200},{"latitude":"12.927010000000001","longitude":"77.59538","responsecode":200},{"latitude":"12.926990000000002","longitude":"77.59593000000001","responsecode":200},{"latitude":"12.926990000000002","longitude":"77.59648000000001","responsecode":200},{"latitude":"12.926990000000002","longitude":"77.59673000000001","responsecode":200},{"latitude":"12.926990000000002","longitude":"77.59694","responsecode":200},{"latitude":"12.927000000000001","longitude":"77.59711","responsecode":200},{"latitude":"12.927000000000001","longitude":"77.59719","responsecode":200},{"latitude":"12.926940000000002","longitude":"77.5972","responsecode":200},{"latitude":"12.926820000000001","longitude":"77.59721","responsecode":200},{"latitude":"12.926660000000002","longitude":"77.59721","responsecode":200},{"latitude":"12.926450000000003","longitude":"77.59721","responsecode":200},{"latitude":"12.926280000000002","longitude":"77.597207","responsecode":200},{"latitude":"12.92628","longitude":"77.597207","responsecode":200},{"latitude":"12.92595","longitude":"77.5972","responsecode":200},{"latitude":"12.92562","longitude":"77.59719","responsecode":200},{"latitude":"12.92536","longitude":"77.59719","responsecode":200},{"latitude":"12.92471","longitude":"77.59716","responsecode":200},{"latitude":"12.92447","longitude":"77.59716","responsecode":200},{"latitude":"12.924109999999999","longitude":"77.59715","responsecode":200},{"latitude":"12.923649999999999","longitude":"77.59712999999999","responsecode":200},{"latitude":"12.923139999999998","longitude":"77.59712999999999","responsecode":200},{"latitude":"12.922779999999998","longitude":"77.59711999999999","responsecode":200},{"latitude":"12.922469999999997","longitude":"77.59711999999999","responsecode":200},{"latitude":"12.922179999999997","longitude":"77.59711999999999","responsecode":200},{"latitude":"12.921909999999997","longitude":"77.59710999999999","responsecode":200},{"latitude":"12.921739999999996","longitude":"77.59709999999998","responsecode":200},{"latitude":"12.921719999999997","longitude":"77.59709999999998","responsecode":200},{"latitude":"12.92172","longitude":"77.5971","responsecode":200},{"latitude":"12.921570000000001","longitude":"77.5971","responsecode":200},{"latitude":"12.921270000000002","longitude":"77.59707999999999","responsecode":200},{"latitude":"12.920850000000002","longitude":"77.59705","responsecode":200},{"latitude":"12.92073","longitude":"77.59705","responsecode":200},{"latitude":"12.92054","longitude":"77.59705","responsecode":200},{"latitude":"12.9205","longitude":"77.59705","responsecode":200},{"latitude":"12.91914","longitude":"77.59698999999999","responsecode":200},{"latitude":"12.918930000000001","longitude":"77.59698999999999","responsecode":200},{"latitude":"12.917330000000002","longitude":"77.59693999999999","responsecode":200},{"latitude":"12.917100000000001","longitude":"77.59693999999999","responsecode":200},{"latitude":"12.916860000000002","longitude":"77.59693999999999","responsecode":200},{"latitude":"12.916840000000002","longitude":"77.59731","responsecode":200},{"latitude":"12.91684","longitude":"77.59731","responsecode":200},{"latitude":"12.91684","longitude":"77.59731","responsecode":200},{"latitude":"12.916830000000001","longitude":"77.59747999999999","responsecode":200},{"latitude":"12.916820000000001","longitude":"77.59761999999999","responsecode":200},{"latitude":"12.916820000000001","longitude":"77.59768999999999","responsecode":200},{"latitude":"12.916820000000001","longitude":"77.59781999999998","responsecode":200},{"latitude":"12.916760000000002","longitude":"77.59787999999999","responsecode":200},{"latitude":"12.916740000000003","longitude":"77.59794","responsecode":200},{"latitude":"12.916740000000003","longitude":"77.59979999999999","responsecode":200},{"latitude":"12.916740000000003","longitude":"77.59991","responsecode":200},{"latitude":"12.916740000000003","longitude":"77.6","responsecode":200},{"latitude":"12.916740000000003","longitude":"77.60015999999999","responsecode":200},{"latitude":"12.916700000000002","longitude":"77.60186999999999","responsecode":200},{"latitude":"12.916720000000002","longitude":"77.60273","responsecode":200},{"latitude":"12.916730000000001","longitude":"77.60297","responsecode":200},{"latitude":"12.916730000000001","longitude":"77.60307","responsecode":200},{"latitude":"12.916730000000001","longitude":"77.60363","responsecode":200},{"latitude":"12.916730000000001","longitude":"77.60410999999999","responsecode":200},{"latitude":"12.91673","longitude":"77.60411","responsecode":200},{"latitude":"12.91673","longitude":"77.60411","responsecode":200},{"latitude":"12.91672","longitude":"77.60535","responsecode":200},{"latitude":"12.91672","longitude":"77.60543","responsecode":200},{"latitude":"12.91671","longitude":"77.60558999999999","responsecode":200},{"latitude":"12.91671","longitude":"77.60583999999999","responsecode":200},{"latitude":"12.91671","longitude":"77.60605999999999","responsecode":200},{"latitude":"12.91668","longitude":"77.60667999999998","responsecode":200},{"latitude":"12.916673999999999","longitude":"77.60687999999999","responsecode":200},{"latitude":"12.916674","longitude":"77.60688","responsecode":200},{"latitude":"12.91667","longitude":"77.60703000000001","responsecode":200},{"latitude":"12.91666","longitude":"77.60730000000001","responsecode":200},{"latitude":"12.91665","longitude":"77.60739000000001","responsecode":200},{"latitude":"12.91665","longitude":"77.60750000000002","responsecode":200},{"latitude":"12.91665","longitude":"77.60780000000001","responsecode":200},{"latitude":"12.916630000000001","longitude":"77.60879000000001","responsecode":200},{"latitude":"12.916612","longitude":"77.609119","responsecode":200},{"latitude":"12.916612","longitude":"77.609119","responsecode":200},{"latitude":"12.91661","longitude":"77.60916","responsecode":200},{"latitude":"12.91661","longitude":"77.60923","responsecode":200},{"latitude":"12.9166","longitude":"77.60970999999999","responsecode":200},{"latitude":"12.916590000000001","longitude":"77.61","responsecode":200},{"latitude":"12.916590000000001","longitude":"77.61006","responsecode":200},{"latitude":"12.916590000000001","longitude":"77.61015","responsecode":200},{"latitude":"12.9166","longitude":"77.61032","responsecode":200},{"latitude":"12.9166","longitude":"77.61049","responsecode":200},{"latitude":"12.916590000000001","longitude":"77.61124","responsecode":200},{"latitude":"12.916580000000002","longitude":"77.61184","responsecode":200},{"latitude":"12.916580000000002","longitude":"77.61217","responsecode":200},{"latitude":"12.916580000000002","longitude":"77.61239","responsecode":200},{"latitude":"12.916560000000002","longitude":"77.61371000000001","responsecode":200},{"latitude":"12.916550000000003","longitude":"77.61397000000001","responsecode":200},{"latitude":"12.916540000000003","longitude":"77.61427","responsecode":200},{"latitude":"12.916530000000003","longitude":"77.61446000000001","responsecode":200},{"latitude":"12.916510000000004","longitude":"77.61465000000001","responsecode":200},{"latitude":"12.916500000000005","longitude":"77.61481","responsecode":200},{"latitude":"12.916480000000005","longitude":"77.61505000000001","responsecode":200},{"latitude":"12.916460000000006","longitude":"77.61523000000001","responsecode":200},{"latitude":"12.916430000000005","longitude":"77.61541000000001","responsecode":200},{"latitude":"12.916390000000005","longitude":"77.61567000000001","responsecode":200},{"latitude":"12.916368000000006","longitude":"77.615907","responsecode":200},{"latitude":"12.916368","longitude":"77.615907","responsecode":200},{"latitude":"12.916360000000001","longitude":"77.61600000000001","responsecode":200},{"latitude":"12.91633","longitude":"77.61633000000002","responsecode":200},{"latitude":"12.9163","longitude":"77.61672000000002","responsecode":200},{"latitude":"12.91629","longitude":"77.61695000000002","responsecode":200},{"latitude":"12.91629","longitude":"77.61707000000001","responsecode":200},{"latitude":"12.91629","longitude":"77.61738000000001","responsecode":200},{"latitude":"12.9163","longitude":"77.61752000000001","responsecode":200},{"latitude":"12.9163","longitude":"77.61768000000001","responsecode":200},{"latitude":"12.9163","longitude":"77.61798","responsecode":200},{"latitude":"12.9163","longitude":"77.61821","responsecode":200},{"latitude":"12.91629","longitude":"77.61863000000001","responsecode":200},{"latitude":"12.91629","longitude":"77.61877000000001","responsecode":200},{"latitude":"12.91629","longitude":"77.61901000000002","responsecode":200},{"latitude":"12.91631","longitude":"77.61929000000002","responsecode":200},{"latitude":"12.91636","longitude":"77.61962000000003","responsecode":200},{"latitude":"12.916409999999999","longitude":"77.61985000000003","responsecode":200},{"latitude":"12.916479999999998","longitude":"77.62010000000002","responsecode":200},{"latitude":"12.916509999999999","longitude":"77.62024000000002","responsecode":200},{"latitude":"12.916559999999999","longitude":"77.62050000000002","responsecode":200},{"latitude":"12.916629999999998","longitude":"77.62074000000003","responsecode":200},{"latitude":"12.916729999999998","longitude":"77.62105000000003","responsecode":200},{"latitude":"12.916819999999998","longitude":"77.62129000000003","responsecode":200},{"latitude":"12.916879999999997","longitude":"77.62144000000004","responsecode":200},{"latitude":"12.916929999999997","longitude":"77.62157000000003","responsecode":200},{"latitude":"12.916969999999997","longitude":"77.62169000000003","responsecode":200},{"latitude":"12.917019999999997","longitude":"77.62185000000002","responsecode":200},{"latitude":"12.917069999999997","longitude":"77.62201000000002","responsecode":200},{"latitude":"12.917119999999997","longitude":"77.62214000000002","responsecode":200},{"latitude":"12.917189999999996","longitude":"77.62231000000001","responsecode":200},{"latitude":"12.91719","longitude":"77.62231","responsecode":200},{"latitude":"12.91719","longitude":"77.62231","responsecode":200},{"latitude":"12.91728","longitude":"77.62234","responsecode":200},{"latitude":"12.91737","longitude":"77.62237999999999","responsecode":200},{"latitude":"12.91747","longitude":"77.6224","responsecode":200},{"latitude":"12.91757","longitude":"77.62239","responsecode":200},{"latitude":"12.91772","longitude":"77.62228999999999","responsecode":200},{"latitude":"12.91789","longitude":"77.62217999999999","responsecode":200},{"latitude":"12.91802","longitude":"77.62208999999999","responsecode":200},{"latitude":"12.918190000000001","longitude":"77.62196999999999","responsecode":200},{"latitude":"12.91839","longitude":"77.62182999999999","responsecode":200},{"latitude":"12.91899","longitude":"77.62140999999998","responsecode":200},{"latitude":"12.91909","longitude":"77.62133999999999","responsecode":200},{"latitude":"12.919170000000001","longitude":"77.62129999999999","responsecode":200},{"latitude":"12.91924","longitude":"77.62127","responsecode":200},{"latitude":"12.91931","longitude":"77.62125999999999","responsecode":200},{"latitude":"12.91941","longitude":"77.62125999999999","responsecode":200},{"latitude":"12.919609999999999","longitude":"77.62113","responsecode":200},{"latitude":"12.919759999999998","longitude":"77.62102999999999","responsecode":200},{"latitude":"12.920119999999999","longitude":"77.62080999999999","responsecode":200},{"latitude":"12.920269999999999","longitude":"77.62071999999999","responsecode":200},{"latitude":"12.92027","longitude":"77.62072","responsecode":200},{"latitude":"12.92027","longitude":"77.62072","responsecode":200},{"latitude":"12.92042","longitude":"77.62063","responsecode":200},{"latitude":"12.92059","longitude":"77.62052","responsecode":200},{"latitude":"12.9208","longitude":"77.6204","responsecode":200},{"latitude":"12.92098","longitude":"77.6203","responsecode":200},{"latitude":"12.92107","longitude":"77.62025","responsecode":200},{"latitude":"12.92118","longitude":"77.62018","responsecode":200},{"latitude":"12.92128","longitude":"77.62012","responsecode":200},{"latitude":"12.921529999999999","longitude":"77.61997","responsecode":200},{"latitude":"12.922019999999998","longitude":"77.61967999999999","responsecode":200},{"latitude":"12.922189999999999","longitude":"77.61957999999998","responsecode":200},{"latitude":"12.922389999999998","longitude":"77.61945999999999","responsecode":200},{"latitude":"12.922589999999998","longitude":"77.61934","responsecode":200},{"latitude":"12.922949999999998","longitude":"77.61912","responsecode":200},{"latitude":"12.923509999999998","longitude":"77.61877","responsecode":200},{"latitude":"12.923739999999999","longitude":"77.61863","responsecode":200},{"latitude":"12.92377","longitude":"77.61855","responsecode":200},{"latitude":"12.92382","longitude":"77.6185","responsecode":200},{"latitude":"12.923879999999999","longitude":"77.61845","responsecode":200},{"latitude":"12.923979999999998","longitude":"77.61838","responsecode":200},{"latitude":"12.924069999999999","longitude":"77.61833","responsecode":200},{"latitude":"12.924369999999998","longitude":"77.61815","responsecode":200},{"latitude":"12.924509999999998","longitude":"77.61808","responsecode":200},{"latitude":"12.924579999999997","longitude":"77.61804000000001","responsecode":200},{"latitude":"12.924609999999998","longitude":"77.61811","responsecode":200},{"latitude":"12.924639999999998","longitude":"77.61818","responsecode":200},{"latitude":"12.924659999999998","longitude":"77.61822","responsecode":200},{"latitude":"12.924709999999997","longitude":"77.61833","responsecode":200},{"latitude":"12.924804999999997","longitude":"77.618556","responsecode":200},{"latitude":"12.924805","longitude":"77.618556","responsecode":200},{"latitude":"12.924919999999998","longitude":"77.61883","responsecode":200},{"latitude":"12.924959999999999","longitude":"77.61892","responsecode":200},{"latitude":"12.925289999999999","longitude":"77.61963","responsecode":200},{"latitude":"12.92537","longitude":"77.61979","responsecode":200},{"latitude":"12.925439999999998","longitude":"77.6199","responsecode":200},{"latitude":"12.925479999999999","longitude":"77.61998","responsecode":200},{"latitude":"12.925539999999998","longitude":"77.62006","responsecode":200},{"latitude":"12.925649999999997","longitude":"77.62015","responsecode":200},{"latitude":"12.925769999999998","longitude":"77.62021999999999","responsecode":200},{"latitude":"12.925879999999998","longitude":"77.62026999999999","responsecode":200},{"latitude":"12.925949999999997","longitude":"77.62029999999999","responsecode":200},{"latitude":"12.92595","longitude":"77.6203","responsecode":200},{"latitude":"12.92595","longitude":"77.6203","responsecode":200},{"latitude":"12.92602","longitude":"77.62033","responsecode":200},{"latitude":"12.927259999999999","longitude":"77.6208","responsecode":200},{"latitude":"12.927449999999999","longitude":"77.62087","responsecode":200},{"latitude":"12.927499999999998","longitude":"77.62089","responsecode":200},{"latitude":"12.927599999999998","longitude":"77.62093","responsecode":200},{"latitude":"12.927689999999998","longitude":"77.62096","responsecode":200},{"latitude":"12.928119999999998","longitude":"77.62109","responsecode":200},{"latitude":"12.928413999999998","longitude":"77.621202","responsecode":200},{"latitude":"12.928414","longitude":"77.621202","responsecode":200},{"latitude":"12.92862","longitude":"77.62128","responsecode":200},{"latitude":"12.929020000000001","longitude":"77.62143999999999","responsecode":200},{"latitude":"12.92951","longitude":"77.62163","responsecode":200},{"latitude":"12.93031","longitude":"77.62196","responsecode":200},{"latitude":"12.930944","longitude":"77.622176","responsecode":200},{"latitude":"12.930944","longitude":"77.622176","responsecode":200},{"latitude":"12.93122","longitude":"77.62227","responsecode":200},{"latitude":"12.93159","longitude":"77.62241","responsecode":200},{"latitude":"12.9317","longitude":"77.62245","responsecode":200},{"latitude":"12.93243","longitude":"77.62278","responsecode":200},{"latitude":"12.932690000000001","longitude":"77.6229","responsecode":200},{"latitude":"12.93285","longitude":"77.62298","responsecode":200},{"latitude":"12.93349","longitude":"77.62327","responsecode":200},{"latitude":"12.93462","longitude":"77.6238","responsecode":200},{"latitude":"12.93476","longitude":"77.62389","responsecode":200},{"latitude":"12.93485","longitude":"77.62395000000001","responsecode":200},{"latitude":"12.934980000000001","longitude":"77.62405000000001","responsecode":200},{"latitude":"12.93509","longitude":"77.62415000000001","responsecode":200},{"latitude":"12.9352","longitude":"77.62426000000002","responsecode":200},{"latitude":"12.935219","longitude":"77.62428000000003","responsecode":200},{"latitude":"12.935219","longitude":"77.62428","responsecode":200},{"latitude":"12.9353","longitude":"77.62437","responsecode":200},{"latitude":"12.935509999999999","longitude":"77.62462","responsecode":200},{"latitude":"12.935619999999998","longitude":"77.62474999999999","responsecode":200},{"latitude":"12.936139999999998","longitude":"77.62539999999998","responsecode":200},{"latitude":"12.936979999999998","longitude":"77.62641999999998","responsecode":200},{"latitude":"12.937319999999998","longitude":"77.62681999999998","responsecode":200},{"latitude":"12.937389999999997","longitude":"77.62690999999998","responsecode":200},{"latitude":"12.937639999999996","longitude":"77.62722999999998","responsecode":200},{"latitude":"12.937809999999997","longitude":"77.62747999999998","responsecode":200},{"latitude":"12.937920999999998","longitude":"77.62766599999998","responsecode":200},{"latitude":"12.937921","longitude":"77.627666","responsecode":200},{"latitude":"12.937959999999999","longitude":"77.62773","responsecode":200},{"latitude":"12.938069999999998","longitude":"77.62795","responsecode":200},{"latitude":"12.938179999999997","longitude":"77.62819","responsecode":200},{"latitude":"12.938309999999998","longitude":"77.62849","responsecode":200},{"latitude":"12.938389999999998","longitude":"77.62873","responsecode":200},{"latitude":"12.938469999999999","longitude":"77.62897000000001","responsecode":200},{"latitude":"12.938519999999999","longitude":"77.62916000000001","responsecode":200},{"latitude":"12.938539999999998","longitude":"77.62930000000001","responsecode":200},{"latitude":"12.938569999999999","longitude":"77.62943000000001","responsecode":200},{"latitude":"12.938579999999998","longitude":"77.62957000000002","responsecode":200},{"latitude":"12.938589999999998","longitude":"77.62973000000001","responsecode":200},{"latitude":"12.938599999999997","longitude":"77.63008","responsecode":200},{"latitude":"12.938599999999997","longitude":"77.63015","responsecode":200},{"latitude":"12.938589999999998","longitude":"77.63043","responsecode":200},{"latitude":"12.938589999999998","longitude":"77.63061","responsecode":200},{"latitude":"12.938589999999998","longitude":"77.63085000000001","responsecode":200},{"latitude":"12.938579999999998","longitude":"77.63113000000001","responsecode":200},{"latitude":"12.938589999999998","longitude":"77.63134000000001","responsecode":200},{"latitude":"12.938589999999998","longitude":"77.63155","responsecode":200},{"latitude":"12.938589999999998","longitude":"77.63169","responsecode":200},{"latitude":"12.938589999999998","longitude":"77.63181","responsecode":200},{"latitude":"12.938619999999998","longitude":"77.63266","responsecode":200},{"latitude":"12.93862","longitude":"77.63266","responsecode":200},{"latitude":"12.93862","longitude":"77.63266","responsecode":200},{"latitude":"12.93861","longitude":"77.63314","responsecode":200},{"latitude":"12.93861","longitude":"77.63329999999999","responsecode":200},{"latitude":"12.93861","longitude":"77.63362","responsecode":200},{"latitude":"12.93862","longitude":"77.63387999999999","responsecode":200},{"latitude":"12.93865","longitude":"77.63412999999998","responsecode":200},{"latitude":"12.9387","longitude":"77.63435999999999","responsecode":200},{"latitude":"12.93875","longitude":"77.63452999999998","responsecode":200},{"latitude":"12.9388","longitude":"77.63466999999999","responsecode":200},{"latitude":"12.93886","longitude":"77.63483999999998","responsecode":200},{"latitude":"12.93894","longitude":"77.63501999999998","responsecode":200},{"latitude":"12.93904","longitude":"77.63520999999999","responsecode":200},{"latitude":"12.939160000000001","longitude":"77.63541","responsecode":200},{"latitude":"12.93931","longitude":"77.63561999999999","responsecode":200},{"latitude":"12.93941","longitude":"77.63573999999998","responsecode":200},{"latitude":"12.939540000000001","longitude":"77.63588999999999","responsecode":200},{"latitude":"12.93973","longitude":"77.63607999999999","responsecode":200},{"latitude":"12.939900000000002","longitude":"77.63623","responsecode":200},{"latitude":"12.940150000000001","longitude":"77.6364","responsecode":200},{"latitude":"12.94036","longitude":"77.63653","responsecode":200},{"latitude":"12.94357","longitude":"77.63853999999999","responsecode":200},{"latitude":"12.945739999999999","longitude":"77.63987999999999","responsecode":200},{"latitude":"12.945829999999999","longitude":"77.63994","responsecode":200},{"latitude":"12.945874","longitude":"77.639966","responsecode":200},{"latitude":"12.945874","longitude":"77.639966","responsecode":200},{"latitude":"12.94593","longitude":"77.64","responsecode":200},{"latitude":"12.946050000000001","longitude":"77.64007","responsecode":200},{"latitude":"12.94658","longitude":"77.64038","responsecode":200},{"latitude":"12.947000000000001","longitude":"77.64062","responsecode":200},{"latitude":"12.94711","longitude":"77.64068","responsecode":200},{"latitude":"12.94722","longitude":"77.64073","responsecode":200},{"latitude":"12.94733","longitude":"77.64077","responsecode":200},{"latitude":"12.94742","longitude":"77.64079000000001","responsecode":200},{"latitude":"12.947529999999999","longitude":"77.64081000000002","responsecode":200},{"latitude":"12.947669999999999","longitude":"77.64082000000002","responsecode":200},{"latitude":"12.947829999999998","longitude":"77.64081000000002","responsecode":200},{"latitude":"12.947959999999998","longitude":"77.64078000000002","responsecode":200},{"latitude":"12.948099999999998","longitude":"77.64073000000002","responsecode":200},{"latitude":"12.948209999999998","longitude":"77.64067000000001","responsecode":200},{"latitude":"12.948339999999998","longitude":"77.64058000000001","responsecode":200},{"latitude":"12.948449999999998","longitude":"77.64049000000001","responsecode":200},{"latitude":"12.948759999999998","longitude":"77.64015000000002","responsecode":200},{"latitude":"12.948869999999998","longitude":"77.64002000000002","responsecode":200},{"latitude":"12.949119999999997","longitude":"77.63973000000001","responsecode":200},{"latitude":"12.949259999999997","longitude":"77.63959000000001","responsecode":200},{"latitude":"12.949389999999998","longitude":"77.63946000000001","responsecode":200},{"latitude":"12.949519999999998","longitude":"77.63936000000001","responsecode":200},{"latitude":"12.949629999999997","longitude":"77.63929000000002","responsecode":200},{"latitude":"12.949749999999998","longitude":"77.63923000000001","responsecode":200},{"latitude":"12.949879999999999","longitude":"77.63919000000001","responsecode":200},{"latitude":"12.950009999999999","longitude":"77.63916000000002","responsecode":200},{"latitude":"12.95013","longitude":"77.63914000000001","responsecode":200},{"latitude":"12.95028","longitude":"77.63915000000001","responsecode":200},{"latitude":"12.95041","longitude":"77.63918000000001","responsecode":200},{"latitude":"12.95058","longitude":"77.63924000000002","responsecode":200},{"latitude":"12.95072","longitude":"77.63930000000002","responsecode":200},{"latitude":"12.95091","longitude":"77.63939000000002","responsecode":200},{"latitude":"12.95137","longitude":"77.63963000000003","responsecode":200},{"latitude":"12.95156","longitude":"77.63974000000003","responsecode":200},{"latitude":"12.95186","longitude":"77.63992000000003","responsecode":200},{"latitude":"12.95215","longitude":"77.64010000000003","responsecode":200},{"latitude":"12.952679999999999","longitude":"77.64042000000003","responsecode":200},{"latitude":"12.95268","longitude":"77.64042","responsecode":200},{"latitude":"12.95268","longitude":"77.64042","responsecode":200},{"latitude":"12.952960000000001","longitude":"77.64057000000001","responsecode":200},{"latitude":"12.95311","longitude":"77.64066000000001","responsecode":200},{"latitude":"12.953280000000001","longitude":"77.64075000000001","responsecode":200},{"latitude":"12.953990000000001","longitude":"77.64111000000001","responsecode":200},{"latitude":"12.95419","longitude":"77.64120000000001","responsecode":200},{"latitude":"12.954310000000001","longitude":"77.64124000000001","responsecode":200},{"latitude":"12.954400000000001","longitude":"77.64126000000002","responsecode":200},{"latitude":"12.954450000000001","longitude":"77.64127000000002","responsecode":200},{"latitude":"12.954530000000002","longitude":"77.64128000000002","responsecode":200},{"latitude":"12.954620000000002","longitude":"77.64129000000003","responsecode":200},{"latitude":"12.954710000000002","longitude":"77.64129000000003","responsecode":200},{"latitude":"12.955890000000002","longitude":"77.64135000000003","responsecode":200},{"latitude":"12.956430000000003","longitude":"77.64137000000004","responsecode":200},{"latitude":"12.957110000000002","longitude":"77.64135000000003","responsecode":200},{"latitude":"12.957300000000002","longitude":"77.64134000000003","responsecode":200},{"latitude":"12.957700000000003","longitude":"77.64133100000002","responsecode":200},{"latitude":"12.9577","longitude":"77.641331","responsecode":200},{"latitude":"12.95776","longitude":"77.64133","responsecode":200},{"latitude":"12.95786","longitude":"77.64133","responsecode":200},{"latitude":"12.95816","longitude":"77.64135999999999","responsecode":200},{"latitude":"12.95899","longitude":"77.64142999999999","responsecode":200},{"latitude":"12.95924","longitude":"77.64145999999998","responsecode":200},{"latitude":"12.959399999999999","longitude":"77.64147999999999","responsecode":200},{"latitude":"12.95957","longitude":"77.6415","responsecode":200},{"latitude":"12.95994","longitude":"77.64156","responsecode":200},{"latitude":"12.96051","longitude":"77.64167","responsecode":200},{"latitude":"12.960609999999999","longitude":"77.64168000000001","responsecode":200},{"latitude":"12.96073","longitude":"77.64169000000001","responsecode":200},{"latitude":"12.96113","longitude":"77.64168000000001","responsecode":200},{"latitude":"12.961770000000001","longitude":"77.64166","responsecode":200},{"latitude":"12.961900000000002","longitude":"77.64165","responsecode":200},{"latitude":"12.962680000000002","longitude":"77.6416","responsecode":200},{"latitude":"12.963190000000003","longitude":"77.64159","responsecode":200},{"latitude":"12.963350000000002","longitude":"77.64159","responsecode":200},{"latitude":"12.963380000000003","longitude":"77.64146","responsecode":200},{"latitude":"12.96338","longitude":"77.64146","responsecode":200},{"latitude":"12.96338","longitude":"77.64146","responsecode":200},{"latitude":"12.96343","longitude":"77.64132","responsecode":200},{"latitude":"12.96349","longitude":"77.64116","responsecode":200},{"latitude":"12.96359","longitude":"77.64094","responsecode":200},{"latitude":"12.96369","longitude":"77.6407","responsecode":200},{"latitude":"12.96378","longitude":"77.64052","responsecode":200},{"latitude":"12.96398","longitude":"77.64016","responsecode":200},{"latitude":"12.96411","longitude":"77.63992999999999","responsecode":200},{"latitude":"12.96416","longitude":"77.63983999999999","responsecode":200},{"latitude":"12.96425","longitude":"77.63968","responsecode":200},{"latitude":"12.96439","longitude":"77.63944","responsecode":200},{"latitude":"12.96445","longitude":"77.63933999999999","responsecode":200},{"latitude":"12.96453","longitude":"77.63922","responsecode":200},{"latitude":"12.96464","longitude":"77.63906","responsecode":200},{"latitude":"12.964739999999999","longitude":"77.63892","responsecode":200},{"latitude":"12.964609999999999","longitude":"77.63885","responsecode":200},{"latitude":"12.964369999999999","longitude":"77.63874","responsecode":200},{"latitude":"12.963619999999999","longitude":"77.63843","responsecode":200},{"latitude":"12.96313","longitude":"77.63813999999999","responsecode":200},{"latitude":"12.962729999999999","longitude":"77.63789","responsecode":200},{"latitude":"12.96206","longitude":"77.63846","responsecode":200},{"latitude":"12.96206","longitude":"77.63846","responsecode":200},{"latitude":"12.96206","longitude":"77.63846","responsecode":200}],"Message":"Success","Issuccess":true,"exception":null,"RowCount":482,"responsecode":200}