{"data":[{"latitude":"12.924899","longitude":"77.634597","responsecode":200},{"latitude":"12.92481","longitude":"77.63406","responsecode":200},{"latitude":"12.92477","longitude":"77.6337","responsecode":200},{"latitude":"12.924760000000001","longitude":"77.6336","responsecode":200},{"latitude":"12.924850000000001","longitude":"77.63359","responsecode":200},{"latitude":"12.924980000000001","longitude":"77.63356999999999","responsecode":200},{"latitude":"12.925130000000001","longitude":"77.63355999999999","responsecode":200},{"latitude":"12.92524","longitude":"77.63354999999999","responsecode":200},{"latitude":"12.92556","longitude":"77.63350999999999","responsecode":200},{"latitude":"12.92586","longitude":"77.63346999999999","responsecode":200},{"latitude":"12.92689","longitude":"77.63337999999999","responsecode":200},{"latitude":"12.928971","longitude":"77.63320399999999","responsecode":200},{"latitude":"12.928971","longitude":"77.633204","responsecode":200},{"latitude":"12.929020000000001","longitude":"77.6332","responsecode":200},{"latitude":"12.929440000000001","longitude":"77.63317","responsecode":200},{"latitude":"12.929810000000002","longitude":"77.63314000000001","responsecode":200},{"latitude":"12.930080000000002","longitude":"77.63309000000001","responsecode":200},{"latitude":"12.930170000000002","longitude":"77.63308","responsecode":200},{"latitude":"12.930430000000003","longitude":"77.63302","responsecode":200},{"latitude":"12.930830000000004","longitude":"77.63289","responsecode":200},{"latitude":"12.931220000000003","longitude":"77.63271","responsecode":200},{"latitude":"12.931360000000003","longitude":"77.63265","responsecode":200},{"latitude":"12.931510000000003","longitude":"77.63255","responsecode":200},{"latitude":"12.931670000000002","longitude":"77.63241","responsecode":200},{"latitude":"12.932200000000002","longitude":"77.63186999999999","responsecode":200},{"latitude":"12.933100000000001","longitude":"77.63086999999999","responsecode":200},{"latitude":"12.93349","longitude":"77.63049999999998","responsecode":200},{"latitude":"12.933610000000002","longitude":"77.63037999999999","responsecode":200},{"latitude":"12.933840000000002","longitude":"77.63013999999998","responsecode":200},{"latitude":"12.934234000000002","longitude":"77.62978699999998","responsecode":200},{"latitude":"12.934234","longitude":"77.629787","responsecode":200},{"latitude":"12.93441","longitude":"77.62962999999999","responsecode":200},{"latitude":"12.93472","longitude":"77.62931999999999","responsecode":200},{"latitude":"12.93511","longitude":"77.62890999999999","responsecode":200},{"latitude":"12.93533","longitude":"77.6287","responsecode":200},{"latitude":"12.93547","longitude":"77.62857","responsecode":200},{"latitude":"12.93595","longitude":"77.62810999999999","responsecode":200},{"latitude":"12.93616","longitude":"77.62791999999999","responsecode":200},{"latitude":"12.93672","longitude":"77.62736999999998","responsecode":200},{"latitude":"12.93695","longitude":"77.62714999999999","responsecode":200},{"latitude":"12.93717","longitude":"77.62694999999998","responsecode":200},{"latitude":"12.93732","longitude":"77.62681999999998","responsecode":200},{"latitude":"12.93764","longitude":"77.62659999999998","responsecode":200},{"latitude":"12.93786","longitude":"77.62643299999998","responsecode":200},{"latitude":"12.93786","longitude":"77.626433","responsecode":200},{"latitude":"12.93814","longitude":"77.62622","responsecode":200},{"latitude":"12.93823","longitude":"77.62616","responsecode":200},{"latitude":"12.93833","longitude":"77.6261","responsecode":200},{"latitude":"12.93844","longitude":"77.62603999999999","responsecode":200},{"latitude":"12.93879","longitude":"77.62586999999999","responsecode":200},{"latitude":"12.93896","longitude":"77.62579","responsecode":200},{"latitude":"12.93908","longitude":"77.62572999999999","responsecode":200},{"latitude":"12.93922","longitude":"77.62566","responsecode":200},{"latitude":"12.93936","longitude":"77.62559","responsecode":200},{"latitude":"12.93945","longitude":"77.62554","responsecode":200},{"latitude":"12.93969","longitude":"77.62543","responsecode":200},{"latitude":"12.93974","longitude":"77.6254","responsecode":200},{"latitude":"12.939820000000001","longitude":"77.62536","responsecode":200},{"latitude":"12.94011","longitude":"77.62517","responsecode":200},{"latitude":"12.94032","longitude":"77.62496999999999","responsecode":200},{"latitude":"12.94043","longitude":"77.62486999999999","responsecode":200},{"latitude":"12.940506999999998","longitude":"77.62479699999999","responsecode":200},{"latitude":"12.940507","longitude":"77.624797","responsecode":200},{"latitude":"12.940620000000001","longitude":"77.62469","responsecode":200},{"latitude":"12.940890000000001","longitude":"77.62443","responsecode":200},{"latitude":"12.941200000000002","longitude":"77.62413000000001","responsecode":200},{"latitude":"12.942370000000002","longitude":"77.62288000000001","responsecode":200},{"latitude":"12.942480000000002","longitude":"77.62275000000001","responsecode":200},{"latitude":"12.942540000000001","longitude":"77.62268000000002","responsecode":200},{"latitude":"12.942590000000001","longitude":"77.62263000000002","responsecode":200},{"latitude":"12.942720000000001","longitude":"77.62249000000001","responsecode":200},{"latitude":"12.94272","longitude":"77.62249","responsecode":200},{"latitude":"12.94272","longitude":"77.62249","responsecode":200},{"latitude":"12.94289","longitude":"77.62231","responsecode":200},{"latitude":"12.94308","longitude":"77.6221","responsecode":200},{"latitude":"12.94315","longitude":"77.62202","responsecode":200},{"latitude":"12.943259999999999","longitude":"77.62190000000001","responsecode":200},{"latitude":"12.943839999999998","longitude":"77.62123000000001","responsecode":200},{"latitude":"12.943959999999999","longitude":"77.62107000000002","responsecode":200},{"latitude":"12.944059999999999","longitude":"77.62095000000002","responsecode":200},{"latitude":"12.94418","longitude":"77.62082000000002","responsecode":200},{"latitude":"12.944289999999999","longitude":"77.62068000000002","responsecode":200},{"latitude":"12.9447","longitude":"77.62013000000002","responsecode":200},{"latitude":"12.9451","longitude":"77.61958000000001","responsecode":200},{"latitude":"12.94526","longitude":"77.61936000000001","responsecode":200},{"latitude":"12.945329999999998","longitude":"77.61926000000001","responsecode":200},{"latitude":"12.945359999999999","longitude":"77.61921000000001","responsecode":200},{"latitude":"12.94545","longitude":"77.61909000000001","responsecode":200},{"latitude":"12.9455","longitude":"77.61903000000001","responsecode":200},{"latitude":"12.94567","longitude":"77.61880000000001","responsecode":200},{"latitude":"12.94571","longitude":"77.61875","responsecode":200},{"latitude":"12.94574","longitude":"77.61872000000001","responsecode":200},{"latitude":"12.94574","longitude":"77.61872","responsecode":200},{"latitude":"12.945770000000001","longitude":"77.61869","responsecode":200},{"latitude":"12.94584","longitude":"77.61865","responsecode":200},{"latitude":"12.94593","longitude":"77.61863","responsecode":200},{"latitude":"12.94603","longitude":"77.61863","responsecode":200},{"latitude":"12.946150000000001","longitude":"77.61864","responsecode":200},{"latitude":"12.94626","longitude":"77.61867","responsecode":200},{"latitude":"12.94635","longitude":"77.61871","responsecode":200},{"latitude":"12.9467","longitude":"77.61889","responsecode":200},{"latitude":"12.94713","longitude":"77.61912","responsecode":200},{"latitude":"12.94726","longitude":"77.61919999999999","responsecode":200},{"latitude":"12.94743","longitude":"77.61928999999999","responsecode":200},{"latitude":"12.9475","longitude":"77.61932999999999","responsecode":200},{"latitude":"12.94759","longitude":"77.61937999999999","responsecode":200},{"latitude":"12.94773","longitude":"77.61945999999999","responsecode":200},{"latitude":"12.94784","longitude":"77.61950999999999","responsecode":200},{"latitude":"12.94845","longitude":"77.61984999999999","responsecode":200},{"latitude":"12.94867","longitude":"77.61997999999998","responsecode":200},{"latitude":"12.94867","longitude":"77.61998","responsecode":200},{"latitude":"12.94867","longitude":"77.61998","responsecode":200},{"latitude":"12.94886","longitude":"77.62008","responsecode":200},{"latitude":"12.94908","longitude":"77.62021","responsecode":200},{"latitude":"12.949160000000001","longitude":"77.62026","responsecode":200},{"latitude":"12.949280000000002","longitude":"77.62032","responsecode":200},{"latitude":"12.949400000000002","longitude":"77.62038000000001","responsecode":200},{"latitude":"12.949700000000002","longitude":"77.62055000000001","responsecode":200},{"latitude":"12.949790000000002","longitude":"77.62060000000001","responsecode":200},{"latitude":"12.949920000000002","longitude":"77.62067","responsecode":200},{"latitude":"12.950030000000002","longitude":"77.62073000000001","responsecode":200},{"latitude":"12.950500000000002","longitude":"77.62099","responsecode":200},{"latitude":"12.95071","longitude":"77.62109000000001","responsecode":200},{"latitude":"12.95081","longitude":"77.62113000000001","responsecode":200},{"latitude":"12.9509","longitude":"77.62117","responsecode":200},{"latitude":"12.95104","longitude":"77.62122000000001","responsecode":200},{"latitude":"12.95139","longitude":"77.62135","responsecode":200},{"latitude":"12.95147","longitude":"77.62138","responsecode":200},{"latitude":"12.951550000000001","longitude":"77.62140000000001","responsecode":200},{"latitude":"12.95162","longitude":"77.62141000000001","responsecode":200},{"latitude":"12.95166","longitude":"77.62140000000001","responsecode":200},{"latitude":"12.95166","longitude":"77.6214","responsecode":200},{"latitude":"12.95166","longitude":"77.6214","responsecode":200},{"latitude":"12.95171","longitude":"77.62137","responsecode":200},{"latitude":"12.95175","longitude":"77.62133","responsecode":200},{"latitude":"12.95179","longitude":"77.62128","responsecode":200},{"latitude":"12.951830000000001","longitude":"77.62121","responsecode":200},{"latitude":"12.952190000000002","longitude":"77.62046000000001","responsecode":200},{"latitude":"12.952350000000001","longitude":"77.62017","responsecode":200},{"latitude":"12.952430000000001","longitude":"77.62019000000001","responsecode":200},{"latitude":"12.952580000000001","longitude":"77.62022","responsecode":200},{"latitude":"12.952700000000002","longitude":"77.62024000000001","responsecode":200},{"latitude":"12.952880000000002","longitude":"77.62027","responsecode":200},{"latitude":"12.953010000000003","longitude":"77.6203","responsecode":200},{"latitude":"12.953130000000003","longitude":"77.62033","responsecode":200},{"latitude":"12.953200000000002","longitude":"77.62035","responsecode":200},{"latitude":"12.953580000000002","longitude":"77.62045","responsecode":200},{"latitude":"12.953790000000001","longitude":"77.62051000000001","responsecode":200},{"latitude":"12.954","longitude":"77.62056000000001","responsecode":200},{"latitude":"12.9542","longitude":"77.62061000000001","responsecode":200},{"latitude":"12.95441","longitude":"77.62066000000002","responsecode":200},{"latitude":"12.954566","longitude":"77.62070400000002","responsecode":200},{"latitude":"12.954566","longitude":"77.620704","responsecode":200},{"latitude":"12.95466","longitude":"77.62073000000001","responsecode":200},{"latitude":"12.954830000000001","longitude":"77.62078000000001","responsecode":200},{"latitude":"12.95532","longitude":"77.62087000000001","responsecode":200},{"latitude":"12.95541","longitude":"77.62085","responsecode":200},{"latitude":"12.95547","longitude":"77.62085","responsecode":200},{"latitude":"12.95566","longitude":"77.62088","responsecode":200},{"latitude":"12.95584","longitude":"77.62091","responsecode":200},{"latitude":"12.956100000000001","longitude":"77.62095","responsecode":200},{"latitude":"12.956244000000002","longitude":"77.62097999999999","responsecode":200},{"latitude":"12.956244","longitude":"77.62098","responsecode":200},{"latitude":"12.95658","longitude":"77.62105","responsecode":200},{"latitude":"12.956800000000001","longitude":"77.62111","responsecode":200},{"latitude":"12.956980000000001","longitude":"77.62114","responsecode":200},{"latitude":"12.95714","longitude":"77.62116","responsecode":200},{"latitude":"12.957360000000001","longitude":"77.62117","responsecode":200},{"latitude":"12.957540000000002","longitude":"77.62116","responsecode":200},{"latitude":"12.957680000000002","longitude":"77.62115","responsecode":200},{"latitude":"12.957790000000001","longitude":"77.62114","responsecode":200},{"latitude":"12.957910000000002","longitude":"77.6211","responsecode":200},{"latitude":"12.958040000000002","longitude":"77.62103","responsecode":200},{"latitude":"12.958140000000002","longitude":"77.62096000000001","responsecode":200},{"latitude":"12.958480000000002","longitude":"77.62071000000002","responsecode":200},{"latitude":"12.958610000000002","longitude":"77.62060000000001","responsecode":200},{"latitude":"12.958750000000002","longitude":"77.62051000000001","responsecode":200},{"latitude":"12.958880000000002","longitude":"77.62043000000001","responsecode":200},{"latitude":"12.959110000000003","longitude":"77.62032","responsecode":200},{"latitude":"12.959450000000002","longitude":"77.62018","responsecode":200},{"latitude":"12.959640000000002","longitude":"77.62010000000001","responsecode":200},{"latitude":"12.959760000000003","longitude":"77.62005","responsecode":200},{"latitude":"12.961360000000003","longitude":"77.61937","responsecode":200},{"latitude":"12.961500000000003","longitude":"77.61931","responsecode":200},{"latitude":"12.961910000000003","longitude":"77.61914","responsecode":200},{"latitude":"12.962100000000003","longitude":"77.61907000000001","responsecode":200},{"latitude":"12.962244000000004","longitude":"77.619022","responsecode":200},{"latitude":"12.962244","longitude":"77.619022","responsecode":200},{"latitude":"12.96231","longitude":"77.619","responsecode":200},{"latitude":"12.962480000000001","longitude":"77.61893","responsecode":200},{"latitude":"12.96268","longitude":"77.61884","responsecode":200},{"latitude":"12.96324","longitude":"77.61859000000001","responsecode":200},{"latitude":"12.964640000000001","longitude":"77.61794000000002","responsecode":200},{"latitude":"12.96498","longitude":"77.61781000000002","responsecode":200},{"latitude":"12.965290000000001","longitude":"77.61767000000002","responsecode":200},{"latitude":"12.965420000000002","longitude":"77.61740000000002","responsecode":200},{"latitude":"12.965580000000001","longitude":"77.61694000000001","responsecode":200},{"latitude":"12.96569","longitude":"77.61661000000001","responsecode":200},{"latitude":"12.966000000000001","longitude":"77.61554000000001","responsecode":200},{"latitude":"12.966140000000001","longitude":"77.61501000000001","responsecode":200},{"latitude":"12.96621","longitude":"77.61479000000001","responsecode":200},{"latitude":"12.96628","longitude":"77.61458000000002","responsecode":200},{"latitude":"12.966299999999999","longitude":"77.61450000000002","responsecode":200},{"latitude":"12.966399999999998","longitude":"77.61422000000002","responsecode":200},{"latitude":"12.966479999999999","longitude":"77.61396000000002","responsecode":200},{"latitude":"12.96651","longitude":"77.61385000000001","responsecode":200},{"latitude":"12.966709999999999","longitude":"77.61304000000001","responsecode":200},{"latitude":"12.96675","longitude":"77.61288000000002","responsecode":200},{"latitude":"12.966849999999999","longitude":"77.61244000000002","responsecode":200},{"latitude":"12.96685","longitude":"77.61244","responsecode":200},{"latitude":"12.96685","longitude":"77.61244","responsecode":200}],"Message":"Success","Issuccess":true,"exception":null,"RowCount":211,"responsecode":200}